booking_id,passenger_id,flight_id,booking_date,status,booking_group,route,airline,duration_minutes,duration_category,departure_period,days_before_flight,booking_lead_category,amount,payment_missing
B1000,P1591,AI192,2025-06-14 11:37:36.951,CANCELLED,Cancelled,MAA - BOM,Air India,299.0,Long,Evening,310.0,Long Term,,True
B1001,P1803,6F026,2025-11-02 11:37:36.951,CANCELLED,Cancelled,BOM - CCU,IndiGo,267.0,Long,Evening,169.0,Long Term,,True
B1002,P1083,SJ010,2025-08-25 11:37:36.951,CANCELLED,Cancelled,CCU - MAA,SpiceJet,174.0,Medium,Evening,238.0,Long Term,8593.08,False
B1003,P1364,AI069,2025-12-30 11:37:36.951,CONFIRMED,Active,DEL - BOM,Air India,226.0,Medium,Evening,111.0,Long Term,,True
B1004,P1885,UK003,2025-10-02 11:37:36.951,PENDING,Active,HYD - DEL,Vistara,278.0,Long,Evening,200.0,Long Term,12222.48,False
B1005,P1548,AI048,2025-08-31 11:37:36.951,CONFIRMED,Active,CCU - DEL,Air India,232.0,Medium,Evening,232.0,Long Term,13378.9,False
B1006,P1341,AI140,2025-06-29 11:37:36.951,CANCELLED,Cancelled,BOM - DEL,Air India,223.0,Medium,Evening,295.0,Long Term,14980.37,False
B1007,P1838,UK167,2026-03-12 11:37:36.951,CONFIRMED,Active,DEL - MAA,Vistara,181.0,Medium,Evening,39.0,Medium Term,,True
B1008,P1406,AI245,2025-09-07 11:37:36.951,PENDING,Active,BOM - CCU,Air India,156.0,Medium,Evening,225.0,Long Term,,True
B1009,P1424,SJ158,2025-04-28 11:37:36.951,CANCELLED,Cancelled,DEL - HYD,SpiceJet,139.0,Medium,Evening,357.0,Long Term,,True
B1010,P1743,AI155,2025-11-24 11:37:36.951,CONFIRMED,Active,BOM - CCU,Air India,108.0,Short,Evening,147.0,Long Term,,True
B1011,P1092,AI179,2025-10-25 11:37:36.951,CONFIRMED,Active,HYD - BOM,Air India,278.0,Long,Evening,177.0,Long Term,2115.18,False
B1012,P1847,AI137,2025-08-15 11:37:36.951,PENDING,Active,BOM - DEL,Air India,148.0,Medium,Evening,248.0,Long Term,23702.39,False
B1013,P1613,SJ001,2025-07-20 11:37:36.951,CONFIRMED,Active,BOM - MAA,SpiceJet,287.0,Long,Evening,274.0,Long Term,1176.33,False
B1014,P1411,SJ172,2025-09-15 11:37:36.951,PENDING,Active,CCU - DEL,SpiceJet,196.0,Medium,Evening,217.0,Long Term,,True
B1015,P1431,UK094,2025-10-21 11:37:36.951,,,BOM - CCU,Vistara,105.0,Short,Evening,181.0,Long Term,19609.66,False
B1016,P1677,UK027,2026-01-13 11:37:36.951,CANCELLED,Cancelled,BOM - CCU,Vistara,141.0,Medium,Evening,97.0,Long Term,23800.77,False
B1017,P1158,UK067,2026-04-04 11:37:36.951,CONFIRMED,Active,BOM - CCU,Vistara,206.0,Medium,Evening,16.0,Short Term,,True
B1018,P1013,6F196,2026-03-25 11:37:36.951,CANCELLED,Cancelled,CCU - MAA,IndiGo,103.0,Short,Evening,26.0,Short Term,2588.63,False
B1019,P1372,6F164,2025-07-31 11:37:36.951,CANCELLED,Cancelled,BLR - BOM,IndiGo,147.0,Medium,Evening,263.0,Long Term,18621.0,False
B1020,P1224,SJ112,2025-12-06 11:37:36.951,CONFIRMED,Active,HYD - DEL,SpiceJet,140.0,Medium,Evening,135.0,Long Term,8150.35,False
B1021,P1504,6F190,2025-12-07 11:37:36.951,CANCELLED,Cancelled,DEL - MAA,IndiGo,274.0,Long,Evening,134.0,Long Term,6949.93,False
B1022,P1072,AI080,2026-03-25 11:37:36.951,CONFIRMED,Active,BOM - HYD,Air India,92.0,Short,Evening,26.0,Short Term,,True
B1023,P1248,6F213,2026-02-03 11:37:36.951,PENDING,Active,BLR - BOM,IndiGo,207.0,Medium,Evening,76.0,Medium Term,13057.27,False
B1024,P1510,AI115,2025-06-21 11:37:36.951,PENDING,Active,MAA - BLR,Air India,289.0,Long,Evening,303.0,Long Term,4857.79,False
B1025,P1602,SJ049,2026-03-18 11:37:36.951,PENDING,Active,CCU - DEL,SpiceJet,240.0,Medium,Evening,33.0,Medium Term,36122.96,False
B1026,P1215,AI058,2025-06-27 11:37:36.951,CONFIRMED,Active,BOM - CCU,Air India,98.0,Short,Evening,297.0,Long Term,13204.36,False
B1027,P1972,UK036,2025-07-25 11:37:36.951,CONFIRMED,Active,CCU - BLR,Vistara,264.0,Long,Evening,269.0,Long Term,7503.17,False
B1028,P1601,SJ239,2025-05-25 11:37:36.951,CANCELLED,Cancelled,BOM - CCU,SpiceJet,106.0,Short,Evening,330.0,Long Term,,True
B1029,P1540,6F025,2025-06-06 11:37:36.951,CANCELLED,Cancelled,BLR - BOM,IndiGo,55.0,Short,Evening,318.0,Long Term,,True
B1030,P1946,6F236,2026-03-18 11:37:36.951,CANCELLED,Cancelled,BOM - DEL,IndiGo,199.0,Medium,Evening,33.0,Medium Term,,True
B1031,P1816,AI060,2025-11-16 11:37:36.951,CANCELLED,Cancelled,DEL - HYD,Air India,113.0,Short,Evening,155.0,Long Term,7056.42,False
B1032,P1938,UK021,2025-09-03 11:37:36.951,CANCELLED,Cancelled,HYD - MAA,Vistara,110.0,Short,Evening,229.0,Long Term,,True
B1033,P1987,UK026,2025-05-06 11:37:36.951,,,HYD - MAA,Vistara,126.0,Medium,Evening,349.0,Long Term,17076.39,False
B1034,P1219,SJ179,2025-12-31 11:37:36.951,CONFIRMED,Active,DEL - HYD,SpiceJet,210.0,Medium,Evening,110.0,Long Term,,True
B1035,P1839,6F251,2025-08-21 11:37:36.951,PENDING,Active,DEL - BLR,IndiGo,41.0,Short,Evening,242.0,Long Term,,True
B1036,P1726,SJ149,2025-11-24 11:37:36.951,PENDING,Active,HYD - MAA,SpiceJet,120.0,Short,Evening,147.0,Long Term,5144.89,False
B1037,P1220,AI188,2026-03-20 11:37:36.951,PENDING,Active,CCU - HYD,Air India,166.0,Medium,Evening,31.0,Medium Term,,True
B1038,P1388,SJ093,2026-01-01 11:37:36.951,PENDING,Active,BLR - BOM,SpiceJet,66.0,Short,Evening,109.0,Long Term,,True
B1039,P1553,SJ205,2025-08-21 11:37:36.951,CONFIRMED,Active,HYD - CCU,SpiceJet,64.0,Short,Evening,242.0,Long Term,24656.690000000002,False
B1040,P1646,6F099,2025-08-08 11:37:36.951,CONFIRMED,Active,MAA - DEL,IndiGo,35.0,Short,Evening,255.0,Long Term,,True
B1041,P1041,UK176,2025-05-28 11:37:36.951,CONFIRMED,Active,HYD - BLR,Vistara,248.0,Long,Afternoon,327.0,Long Term,23580.18,False
B1042,P1675,UK200,2025-12-02 11:37:36.951,CANCELLED,Cancelled,CCU - DEL,Vistara,111.0,Short,Evening,139.0,Long Term,14402.39,False
B1043,P1872,6F195,2025-11-22 11:37:36.951,CANCELLED,Cancelled,CCU - DEL,IndiGo,55.0,Short,Evening,149.0,Long Term,8291.6,False
B1044,P1282,6F174,2026-04-12 11:37:36.951,PENDING,Active,DEL - HYD,IndiGo,40.0,Short,Evening,8.0,Short Term,1199.88,False
B1045,P1057,SJ214,2026-03-19 11:37:36.951,,,BOM - MAA,SpiceJet,76.0,Short,Evening,32.0,Medium Term,6732.210000000001,False
B1046,P1813,UK059,2025-10-14 11:37:36.951,CONFIRMED,Active,HYD - MAA,Vistara,97.0,Short,Evening,188.0,Long Term,26282.309999999998,False
B1047,P1833,6F151,2025-12-29 11:37:36.951,PENDING,Active,CCU - HYD,IndiGo,140.0,Medium,Evening,112.0,Long Term,,True
B1048,P1536,SJ236,2025-09-19 11:37:36.951,PENDING,Active,MAA - BOM,SpiceJet,239.0,Medium,Afternoon,213.0,Long Term,,True
B1049,P1072,SJ153,2025-07-28 11:37:36.951,,,DEL - CCU,SpiceJet,83.0,Short,Evening,266.0,Long Term,,True
B1050,P1884,AI220,2026-01-15 11:37:36.951,PENDING,Active,BOM - DEL,Air India,98.0,Short,Evening,95.0,Long Term,13350.33,False
B1051,P1922,6F028,2025-07-05 11:37:36.951,CANCELLED,Cancelled,HYD - CCU,IndiGo,120.0,Short,Evening,289.0,Long Term,10875.08,False
B1052,P1128,UK209,2025-12-30 11:37:36.951,CANCELLED,Cancelled,MAA - BLR,Vistara,165.0,Medium,Evening,111.0,Long Term,9827.3,False
B1053,P1598,UK216,2026-04-01 11:37:36.951,PENDING,Active,MAA - HYD,Vistara,194.0,Medium,Afternoon,19.0,Short Term,7702.52,False
B1054,P1841,AI132,2026-04-11 11:37:36.951,CANCELLED,Cancelled,BLR - BOM,Air India,129.0,Medium,Evening,9.0,Short Term,,True
B1055,P1425,6F012,2025-10-14 11:37:36.951,CANCELLED,Cancelled,CCU - HYD,IndiGo,205.0,Medium,Afternoon,188.0,Long Term,,True
B1056,P1947,UK173,2026-03-24 11:37:36.951,CANCELLED,Cancelled,MAA - BLR,Vistara,256.0,Long,Afternoon,27.0,Short Term,3173.87,False
B1057,P1664,SJ047,2025-08-20 11:37:36.951,CANCELLED,Cancelled,HYD - BOM,SpiceJet,37.0,Short,Evening,243.0,Long Term,12211.199999999999,False
B1058,P1693,SJ043,2025-12-07 11:37:36.951,PENDING,Active,MAA - DEL,SpiceJet,129.0,Medium,Afternoon,134.0,Long Term,,True
B1059,P1124,UK140,2026-01-03 11:37:36.951,CONFIRMED,Active,MAA - BLR,Vistara,83.0,Short,Evening,107.0,Long Term,10839.07,False
B1060,P1066,6F086,2025-12-30 11:37:36.951,CONFIRMED,Active,MAA - HYD,IndiGo,37.0,Short,Evening,111.0,Long Term,11681.98,False
B1061,P1005,6F114,2026-04-05 11:37:36.951,CANCELLED,Cancelled,BOM - MAA,IndiGo,50.0,Short,Evening,15.0,Short Term,31579.800000000003,False
B1062,P1636,UK153,2025-06-12 11:37:36.951,CANCELLED,Cancelled,CCU - HYD,Vistara,241.0,Long,Afternoon,312.0,Long Term,,True
B1063,P1313,6F149,2025-05-19 11:37:36.951,CANCELLED,Cancelled,BLR - CCU,IndiGo,165.0,Medium,Afternoon,336.0,Long Term,,True
B1064,P1325,UK145,2025-09-14 11:37:36.951,CONFIRMED,Active,BOM - HYD,Vistara,131.0,Medium,Afternoon,218.0,Long Term,14413.72,False
B1065,P1564,UK010,2026-03-06 11:37:36.951,CANCELLED,Cancelled,MAA - HYD,Vistara,167.0,Medium,Afternoon,45.0,Medium Term,,True
B1066,P1577,SJ003,2025-11-05 11:37:36.951,PENDING,Active,MAA - CCU,SpiceJet,42.0,Short,Evening,166.0,Long Term,,True
B1067,P1825,SJ160,2025-07-23 11:37:36.951,PENDING,Active,MAA - BLR,SpiceJet,45.0,Short,Evening,271.0,Long Term,17433.34,False
B1068,P1505,UK224,2025-11-22 11:37:36.951,PENDING,Active,CCU - MAA,Vistara,239.0,Medium,Afternoon,149.0,Long Term,5274.94,False
B1069,P1081,UK152,2025-08-02 11:37:36.951,CONFIRMED,Active,BOM - CCU,Vistara,169.0,Medium,Afternoon,261.0,Long Term,14992.95,False
B1070,P1598,SJ034,2025-09-22 11:37:36.951,CANCELLED,Cancelled,MAA - BOM,SpiceJet,291.0,Long,Afternoon,210.0,Long Term,5631.13,False
B1071,P1001,UK215,2025-12-21 11:37:36.951,CANCELLED,Cancelled,BOM - DEL,Vistara,132.0,Medium,Afternoon,120.0,Long Term,,True
B1072,P1203,UK089,2025-08-10 11:37:36.951,CANCELLED,Cancelled,BOM - HYD,Vistara,252.0,Long,Afternoon,253.0,Long Term,,True
B1073,P1661,6F180,2025-12-04 11:37:36.951,CONFIRMED,Active,MAA - BLR,IndiGo,264.0,Long,Afternoon,137.0,Long Term,,True
B1074,P1804,6F188,2025-09-25 11:37:36.951,CONFIRMED,Active,DEL - HYD,IndiGo,282.0,Long,Afternoon,207.0,Long Term,,True
B1075,P1403,UK131,2026-01-03 11:37:36.951,CONFIRMED,Active,BOM - DEL,Vistara,246.0,Long,Afternoon,107.0,Long Term,,True
B1076,P1102,UK055,2025-05-04 11:37:36.951,CONFIRMED,Active,HYD - DEL,Vistara,163.0,Medium,Afternoon,351.0,Long Term,8247.5,False
B1077,P1535,UK181,2025-05-03 11:37:36.951,PENDING,Active,MAA - DEL,Vistara,162.0,Medium,Afternoon,352.0,Long Term,11261.699999999999,False
B1078,P1367,6F077,2025-09-21 11:37:36.951,CONFIRMED,Active,CCU - DEL,IndiGo,258.0,Long,Afternoon,211.0,Long Term,,True
B1079,P1211,SJ085,2025-06-03 11:37:36.951,CONFIRMED,Active,BLR - MAA,SpiceJet,270.0,Long,Afternoon,321.0,Long Term,,True
B1080,P1576,SJ023,2025-06-05 11:37:36.951,CONFIRMED,Active,HYD - MAA,SpiceJet,102.0,Short,Afternoon,319.0,Long Term,21169.42,False
B1081,P1960,SJ202,2025-11-13 11:37:36.951,CANCELLED,Cancelled,CCU - HYD,SpiceJet,107.0,Short,Afternoon,158.0,Long Term,,True
B1082,P1208,SJ150,2025-09-09 11:37:36.951,CANCELLED,Cancelled,BOM - HYD,SpiceJet,210.0,Medium,Afternoon,223.0,Long Term,,True
B1083,P1762,SJ116,2025-05-12 11:37:36.951,CANCELLED,Cancelled,HYD - CCU,SpiceJet,89.0,Short,Afternoon,343.0,Long Term,6777.38,False
B1084,P1896,6F270,2025-06-14 11:37:36.951,PENDING,Active,HYD - MAA,IndiGo,48.0,Short,Afternoon,310.0,Long Term,,True
B1085,P1116,UK150,2026-03-24 11:37:36.951,PENDING,Active,DEL - CCU,Vistara,30.0,Short,Afternoon,27.0,Short Term,11410.8,False
B1086,P1627,SJ237,2026-02-16 11:37:36.951,CONFIRMED,Active,BOM - CCU,SpiceJet,148.0,Medium,Afternoon,63.0,Medium Term,4873.96,False
B1087,P1748,AI221,2025-05-08 11:37:36.951,CANCELLED,Cancelled,MAA - HYD,Air India,156.0,Medium,Afternoon,347.0,Long Term,3191.92,False
B1088,P1477,SJ081,2026-03-25 11:37:36.951,PENDING,Active,BOM - BLR,SpiceJet,109.0,Short,Afternoon,26.0,Short Term,7375.1,False
B1089,P1104,UK189,2025-09-03 11:37:36.951,CANCELLED,Cancelled,BLR - MAA,Vistara,224.0,Medium,Afternoon,229.0,Long Term,,True
B1090,P1494,SJ068,2025-05-16 11:37:36.951,PENDING,Active,BLR - BOM,SpiceJet,124.0,Medium,Afternoon,339.0,Long Term,,True
B1091,P1770,6F043,2025-08-18 11:37:36.951,PENDING,Active,BOM - HYD,IndiGo,86.0,Short,Afternoon,245.0,Long Term,,True
B1092,P1045,UK187,2026-03-18 11:37:36.951,CONFIRMED,Active,BLR - BOM,Vistara,110.0,Short,Afternoon,33.0,Medium Term,15898.93,False
B1093,P1822,UK074,2025-05-11 11:37:36.951,CONFIRMED,Active,BOM - DEL,Vistara,117.0,Short,Afternoon,344.0,Long Term,,True
B1094,P1330,UK004,2026-01-07 11:37:36.951,PENDING,Active,BOM - CCU,Vistara,34.0,Short,Afternoon,103.0,Long Term,17560.29,False
B1095,P1215,6F194,2025-07-30 11:37:36.951,CONFIRMED,Active,BOM - CCU,IndiGo,118.0,Short,Afternoon,264.0,Long Term,,True
B1096,P1981,UK068,2026-01-03 11:37:36.951,PENDING,Active,BLR - MAA,Vistara,101.0,Short,Afternoon,107.0,Long Term,18163.89,False
B1097,P1959,6F017,2025-08-26 11:37:36.951,,,CCU - BOM,IndiGo,161.0,Medium,Afternoon,237.0,Long Term,,True
B1098,P1491,6F245,2025-10-15 11:37:36.951,,,CCU - BOM,IndiGo,161.0,Medium,Afternoon,187.0,Long Term,10455.66,False
B1099,P1812,6F254,2025-12-07 11:37:36.951,CONFIRMED,Active,MAA - BLR,IndiGo,215.0,Medium,Afternoon,134.0,Long Term,,True
B1100,P1921,UK077,2026-03-05 11:37:36.951,CONFIRMED,Active,HYD - BOM,Vistara,98.0,Short,Afternoon,46.0,Medium Term,,True
B1101,P1844,AI029,2025-07-19 11:37:36.951,CONFIRMED,Active,MAA - DEL,Air India,264.0,Long,Afternoon,275.0,Long Term,2214.47,False
B1102,P1448,SJ196,2025-10-06 11:37:36.951,,,DEL - HYD,SpiceJet,166.0,Medium,Afternoon,196.0,Long Term,24626.690000000002,False
B1103,P1535,AI242,2025-08-08 11:37:36.951,CANCELLED,Cancelled,BLR - CCU,Air India,62.0,Short,Afternoon,255.0,Long Term,14062.55,False
B1104,P1510,AI242,2025-09-12 11:37:36.951,CANCELLED,Cancelled,BLR - CCU,Air India,62.0,Short,Afternoon,220.0,Long Term,,True
B1105,P1457,SJ044,2025-09-11 11:37:36.951,CONFIRMED,Active,DEL - CCU,SpiceJet,157.0,Medium,Afternoon,221.0,Long Term,14294.21,False
B1106,P1546,UK063,2025-09-01 11:37:36.951,CONFIRMED,Active,DEL - BOM,Vistara,72.0,Short,Afternoon,231.0,Long Term,,True
B1107,P1535,AI056,2025-05-19 11:37:36.951,CONFIRMED,Active,DEL - MAA,Air India,235.0,Medium,Afternoon,336.0,Long Term,,True
B1108,P1539,UK207,2025-10-11 11:37:36.951,CANCELLED,Cancelled,MAA - CCU,Vistara,75.0,Short,Afternoon,191.0,Long Term,,True
B1109,P1483,UK166,2025-12-03 11:37:36.951,CANCELLED,Cancelled,HYD - MAA,Vistara,293.0,Long,Morning,138.0,Long Term,13080.08,False
B1110,P1975,6F261,2025-12-17 11:37:36.951,PENDING,Active,CCU - DEL,IndiGo,178.0,Medium,Afternoon,124.0,Long Term,,True
B1111,P1999,UK134,2025-12-25 11:37:36.951,CANCELLED,Cancelled,HYD - CCU,Vistara,222.0,Medium,Afternoon,116.0,Long Term,,True
B1112,P1015,6F152,2025-10-02 11:37:36.951,PENDING,Active,CCU - DEL,IndiGo,124.0,Medium,Afternoon,200.0,Long Term,20662.78,False
B1113,P1570,SJ089,2025-11-23 11:37:36.951,CONFIRMED,Active,HYD - CCU,SpiceJet,273.0,Long,Morning,148.0,Long Term,9457.62,False
B1114,P1976,6F123,2025-09-26 11:37:36.951,CANCELLED,Cancelled,DEL - HYD,IndiGo,106.0,Short,Afternoon,206.0,Long Term,8187.33,False
B1115,P1242,AI025,2025-08-23 11:37:36.951,CONFIRMED,Active,HYD - DEL,Air India,145.0,Medium,Afternoon,240.0,Long Term,8185.02,False
B1116,P1949,6F030,2025-12-05 11:37:36.951,CONFIRMED,Active,BOM - DEL,IndiGo,170.0,Medium,Afternoon,136.0,Long Term,9883.49,False
B1117,P1206,SJ222,2025-09-02 11:37:36.951,CONFIRMED,Active,BOM - DEL,SpiceJet,174.0,Medium,Afternoon,230.0,Long Term,24642.71,False
B1118,P1911,UK109,2026-04-03 11:37:36.951,CONFIRMED,Active,BLR - BOM,Vistara,60.0,Short,Afternoon,17.0,Short Term,,True
B1119,P1270,SJ117,2025-11-25 11:37:36.951,CANCELLED,Cancelled,MAA - BLR,SpiceJet,236.0,Medium,Afternoon,146.0,Long Term,22268.71,False
B1120,P1760,SJ142,2025-08-12 11:37:36.951,CONFIRMED,Active,CCU - BOM,SpiceJet,102.0,Short,Afternoon,251.0,Long Term,2571.48,False
B1121,P1993,SJ142,2025-06-01 11:37:36.951,PENDING,Active,CCU - BOM,SpiceJet,102.0,Short,Afternoon,323.0,Long Term,,True
B1122,P1778,AI030,2025-05-02 11:37:36.951,CANCELLED,Cancelled,CCU - HYD,Air India,199.0,Medium,Afternoon,353.0,Long Term,,True
B1123,P1704,6F097,2025-09-23 11:37:36.951,CONFIRMED,Active,BLR - BOM,IndiGo,77.0,Short,Afternoon,209.0,Long Term,14525.48,False
B1124,P1846,6F129,2025-05-23 11:37:36.951,CANCELLED,Cancelled,DEL - CCU,IndiGo,139.0,Medium,Afternoon,332.0,Long Term,15753.68,False
B1125,P1729,6F181,2026-01-15 11:37:36.951,PENDING,Active,BOM - MAA,IndiGo,108.0,Short,Afternoon,95.0,Long Term,,True
B1126,P1114,AI072,2025-10-20 11:37:36.951,CONFIRMED,Active,BLR - CCU,Air India,58.0,Short,Afternoon,182.0,Long Term,,True
B1127,P1579,SJ154,2025-06-29 11:37:36.951,PENDING,Active,BLR - HYD,SpiceJet,99.0,Short,Afternoon,295.0,Long Term,,True
B1128,P1298,AI031,2026-04-08 11:37:36.951,CONFIRMED,Active,DEL - MAA,Air India,186.0,Medium,Afternoon,12.0,Short Term,,True
B1129,P1836,AI031,2025-09-18 11:37:36.951,PENDING,Active,DEL - MAA,Air India,186.0,Medium,Afternoon,214.0,Long Term,12008.51,False
B1130,P1482,6F158,2025-12-26 11:37:36.951,CONFIRMED,Active,CCU - MAA,IndiGo,246.0,Long,Morning,115.0,Long Term,,True
B1131,P1396,6F184,2025-06-16 11:37:36.951,CANCELLED,Cancelled,MAA - BOM,IndiGo,179.0,Medium,Afternoon,308.0,Long Term,3592.91,False
B1132,P1393,UK141,2025-06-20 11:37:36.951,CONFIRMED,Active,HYD - MAA,Vistara,141.0,Medium,Afternoon,304.0,Long Term,4677.7,False
B1133,P1074,6F168,2025-12-29 11:37:36.951,CANCELLED,Cancelled,HYD - DEL,IndiGo,220.0,Medium,Morning,112.0,Long Term,14200.43,False
B1134,P1977,6F051,2025-07-28 11:37:36.951,CONFIRMED,Active,BLR - BOM,IndiGo,120.0,Short,Afternoon,266.0,Long Term,,True
B1135,P1481,6F047,2025-12-02 11:37:36.951,CONFIRMED,Active,MAA - DEL,IndiGo,125.0,Medium,Afternoon,139.0,Long Term,10501.09,False
B1136,P1102,UK156,2025-10-26 11:37:36.951,PENDING,Active,MAA - BLR,Vistara,244.0,Long,Morning,176.0,Long Term,2857.01,False
B1137,P1296,AI094,2025-09-01 11:37:36.951,PENDING,Active,DEL - BLR,Air India,60.0,Short,Afternoon,231.0,Long Term,10092.76,False
B1138,P1177,AI038,2025-07-14 11:37:36.951,PENDING,Active,HYD - MAA,Air India,279.0,Long,Morning,280.0,Long Term,,True
B1139,P1214,6F255,2026-01-19 11:37:36.951,CONFIRMED,Active,DEL - BOM,IndiGo,214.0,Medium,Morning,91.0,Long Term,6016.05,False
B1140,P1966,SJ025,2026-01-23 11:37:36.951,CONFIRMED,Active,BOM - CCU,SpiceJet,207.0,Medium,Morning,87.0,Medium Term,8447.38,False
B1141,P1314,SJ185,2025-10-28 11:37:36.951,CONFIRMED,Active,BOM - CCU,SpiceJet,60.0,Short,Afternoon,174.0,Long Term,,True
B1142,P1038,6F259,2026-01-21 11:37:36.951,CANCELLED,Cancelled,BOM - DEL,IndiGo,71.0,Short,Afternoon,89.0,Medium Term,4506.21,False
B1143,P1258,6F073,2026-04-07 11:37:36.951,CANCELLED,Cancelled,DEL - CCU,IndiGo,220.0,Medium,Morning,13.0,Short Term,6360.73,False
B1144,P1715,AI091,2025-09-26 11:37:36.951,CONFIRMED,Active,CCU - MAA,Air India,263.0,Long,Morning,206.0,Long Term,,True
B1145,P1006,6F191,2025-08-23 11:37:36.951,PENDING,Active,BLR - DEL,IndiGo,30.0,Short,Afternoon,240.0,Long Term,,True
B1146,P1048,UK228,2025-08-30 11:37:36.951,PENDING,Active,DEL - MAA,Vistara,190.0,Medium,Morning,233.0,Long Term,,True
B1147,P1537,6F146,2026-03-25 11:37:36.951,PENDING,Active,HYD - MAA,IndiGo,76.0,Short,Afternoon,26.0,Short Term,,True
B1148,P1160,6F068,2025-10-13 11:37:36.951,CONFIRMED,Active,BLR - HYD,IndiGo,229.0,Medium,Morning,189.0,Long Term,,True
B1149,P1868,SJ218,2026-01-08 11:37:36.951,PENDING,Active,DEL - HYD,SpiceJet,185.0,Medium,Morning,102.0,Long Term,12393.75,False
B1150,P1175,UK083,2025-09-25 11:37:36.951,CONFIRMED,Active,DEL - HYD,Vistara,49.0,Short,Afternoon,207.0,Long Term,12535.73,False
B1151,P1590,SJ007,2026-01-18 11:37:36.951,CANCELLED,Cancelled,BOM - CCU,SpiceJet,290.0,Long,Morning,92.0,Long Term,,True
B1152,P1001,AI077,2025-08-14 11:37:36.951,PENDING,Active,CCU - HYD,Air India,66.0,Short,Afternoon,249.0,Long Term,,True
B1153,P1894,UK017,2025-12-20 11:37:36.951,CANCELLED,Cancelled,BLR - HYD,Vistara,95.0,Short,Afternoon,121.0,Long Term,5774.24,False
B1154,P1454,6F229,2026-02-17 11:37:36.951,PENDING,Active,MAA - DEL,IndiGo,80.0,Short,Afternoon,62.0,Medium Term,9979.51,False
B1155,P1927,6F074,2025-10-08 11:37:36.951,CONFIRMED,Active,HYD - BOM,IndiGo,200.0,Medium,Morning,194.0,Long Term,,True
B1156,P1643,SJ088,2026-03-25 11:37:36.951,CONFIRMED,Active,CCU - MAA,SpiceJet,32.0,Short,Afternoon,26.0,Short Term,3413.47,False
B1157,P1275,SJ167,2025-06-28 11:37:36.951,CONFIRMED,Active,MAA - CCU,SpiceJet,54.0,Short,Afternoon,296.0,Long Term,7902.25,False
B1158,P1497,6F234,2025-07-20 11:37:36.951,CONFIRMED,Active,BOM - DEL,IndiGo,171.0,Medium,Morning,274.0,Long Term,14265.47,False
B1159,P1628,UK071,2025-12-10 11:37:36.951,PENDING,Active,DEL - HYD,Vistara,196.0,Medium,Morning,131.0,Long Term,16962.75,False
B1160,P1675,AI178,2025-11-21 11:37:36.951,CANCELLED,Cancelled,CCU - BLR,Air India,59.0,Short,Afternoon,150.0,Long Term,5267.38,False
B1161,P1799,UK104,2025-11-14 11:37:36.951,CONFIRMED,Active,DEL - BOM,Vistara,82.0,Short,Morning,157.0,Long Term,24640.24,False
B1162,P1027,AI146,2025-04-22 11:37:36.951,,,BLR - DEL,Air India,186.0,Medium,Morning,363.0,Long Term,,True
B1163,P1332,SJ235,2025-11-10 11:37:36.951,CANCELLED,Cancelled,BOM - DEL,SpiceJet,228.0,Medium,Morning,161.0,Long Term,,True
B1164,P1000,6F209,2025-04-24 11:37:36.951,CONFIRMED,Active,MAA - CCU,IndiGo,300.0,Long,Morning,361.0,Long Term,2684.77,False
B1165,P1187,AI129,2025-08-20 11:37:36.951,CANCELLED,Cancelled,BOM - CCU,Air India,189.0,Medium,Morning,243.0,Long Term,43097.990000000005,False
B1166,P1055,SJ141,2026-01-23 11:37:36.951,CONFIRMED,Active,CCU - DEL,SpiceJet,217.0,Medium,Morning,87.0,Medium Term,5530.81,False
B1167,P1546,SJ018,2026-02-02 11:37:36.951,CANCELLED,Cancelled,BOM - CCU,SpiceJet,153.0,Medium,Morning,77.0,Medium Term,27299.79,False
B1168,P1111,UK120,2025-10-14 11:37:36.951,CANCELLED,Cancelled,HYD - DEL,Vistara,251.0,Long,Morning,188.0,Long Term,5435.83,False
B1169,P1797,AI078,2025-11-15 11:37:36.951,CONFIRMED,Active,DEL - BOM,Air India,270.0,Long,Morning,156.0,Long Term,3795.6,False
B1170,P1309,AI079,2025-09-14 11:37:36.951,PENDING,Active,CCU - BLR,Air India,135.0,Medium,Morning,218.0,Long Term,,True
B1171,P1035,UK087,2025-09-19 11:37:36.951,CANCELLED,Cancelled,HYD - MAA,Vistara,208.0,Medium,Morning,213.0,Long Term,23311.04,False
B1172,P1438,UK133,2026-01-17 11:37:36.951,CONFIRMED,Active,BOM - DEL,Vistara,192.0,Medium,Morning,93.0,Long Term,25477.4,False
B1173,P1728,AI222,2025-06-01 11:37:36.951,CANCELLED,Cancelled,BOM - DEL,Air India,64.0,Short,Morning,323.0,Long Term,,True
B1174,P1591,6F049,2026-04-12 11:37:36.951,CANCELLED,Cancelled,HYD - DEL,IndiGo,193.0,Medium,Morning,8.0,Short Term,,True
B1175,P1825,6F105,2026-01-29 11:37:36.951,PENDING,Active,BLR - BOM,IndiGo,72.0,Short,Morning,81.0,Medium Term,10654.9,False
B1176,P1594,SJ226,2025-04-17 11:37:36.951,CANCELLED,Cancelled,HYD - BOM,SpiceJet,247.0,Long,Morning,368.0,Long Term,,True
B1177,P1576,SJ227,2025-07-29 11:37:36.951,CANCELLED,Cancelled,BOM - CCU,SpiceJet,261.0,Long,Morning,265.0,Long Term,12412.89,False
B1178,P1324,6F034,2026-02-05 11:37:36.951,CONFIRMED,Active,BOM - DEL,IndiGo,56.0,Short,Morning,74.0,Medium Term,,True
B1179,P1639,SJ078,2025-10-03 11:37:36.951,CONFIRMED,Active,DEL - HYD,SpiceJet,188.0,Medium,Morning,199.0,Long Term,10619.52,False
B1180,P1306,AI240,2026-04-10 11:37:36.951,PENDING,Active,MAA - DEL,Air India,147.0,Medium,Morning,10.0,Short Term,,True
B1181,P1533,SJ002,2026-03-29 11:37:36.951,CANCELLED,Cancelled,DEL - BOM,SpiceJet,286.0,Long,Morning,22.0,Short Term,,True
B1182,P1727,AI044,2025-08-11 11:37:36.951,CANCELLED,Cancelled,MAA - BLR,Air India,213.0,Medium,Morning,252.0,Long Term,9005.88,False
B1183,P1618,UK076,2025-06-22 11:37:36.951,CANCELLED,Cancelled,MAA - CCU,Vistara,263.0,Long,Morning,302.0,Long Term,,True
B1184,P1108,6F232,2025-08-01 11:37:36.951,PENDING,Active,MAA - BLR,IndiGo,103.0,Short,Morning,262.0,Long Term,,True
B1185,P1371,SJ228,2025-08-16 11:37:36.951,CANCELLED,Cancelled,BOM - CCU,SpiceJet,227.0,Medium,Morning,247.0,Long Term,13080.31,False
B1186,P1356,SJ074,2026-04-04 11:37:36.951,CONFIRMED,Active,DEL - CCU,SpiceJet,41.0,Short,Morning,16.0,Short Term,,True
B1187,P1180,UK229,2025-08-04 11:37:36.951,PENDING,Active,HYD - DEL,Vistara,257.0,Long,Morning,259.0,Long Term,6625.76,False
B1188,P1355,AI208,2026-04-04 11:37:36.951,CONFIRMED,Active,BLR - BOM,Air India,194.0,Medium,Morning,16.0,Short Term,,True
B1189,P1675,AI019,2025-11-23 11:37:36.951,CONFIRMED,Active,BOM - CCU,Air India,62.0,Short,Morning,148.0,Long Term,,True
B1190,P1067,6F029,2025-05-23 11:37:36.951,PENDING,Active,BOM - BLR,IndiGo,254.0,Long,Morning,332.0,Long Term,,True
B1191,P1291,6F018,2025-04-27 11:37:36.951,CONFIRMED,Active,DEL - BLR,IndiGo,46.0,Short,Morning,358.0,Long Term,,True
B1192,P1691,AI059,2025-06-23 11:37:36.951,CANCELLED,Cancelled,CCU - DEL,Air India,147.0,Medium,Morning,301.0,Long Term,,True
B1193,P1180,AI159,2025-05-22 11:37:36.951,PENDING,Active,HYD - BLR,Air India,133.0,Medium,Morning,333.0,Long Term,,True
B1194,P1465,6F091,2025-07-11 11:37:36.951,CONFIRMED,Active,BLR - CCU,IndiGo,86.0,Short,Morning,283.0,Long Term,,True
B1195,P1433,6F084,2025-07-20 11:37:36.951,CANCELLED,Cancelled,CCU - HYD,IndiGo,60.0,Short,Morning,274.0,Long Term,19224.28,False
B1196,P1463,UK170,2026-01-15 11:37:36.951,CANCELLED,Cancelled,BOM - BLR,Vistara,110.0,Short,Morning,95.0,Long Term,,True
B1197,P1680,UK212,2025-05-19 11:37:36.951,CONFIRMED,Active,HYD - MAA,Vistara,45.0,Short,Morning,336.0,Long Term,8876.86,False
B1198,P1913,SJ022,2025-06-16 11:37:36.951,,,DEL - BLR,SpiceJet,191.0,Medium,Morning,308.0,Long Term,1830.32,False
B1199,P1533,SJ075,2025-12-13 11:37:36.951,PENDING,Active,MAA - BLR,SpiceJet,97.0,Short,Morning,128.0,Long Term,13499.52,False
B1200,P1065,UK177,2025-09-17 11:37:36.951,CONFIRMED,Active,DEL - HYD,Vistara,269.0,Long,Night,215.0,Long Term,30813.57,False
B1201,P1020,UK206,2026-02-01 11:37:36.951,CANCELLED,Cancelled,MAA - BLR,Vistara,273.0,Long,Night,78.0,Medium Term,7338.75,False
B1202,P1611,UK079,2025-04-29 11:37:36.951,CANCELLED,Cancelled,DEL - BLR,Vistara,231.0,Medium,Night,356.0,Long Term,1973.12,False
B1203,P1383,UK040,2025-06-21 11:37:36.951,CONFIRMED,Active,HYD - CCU,Vistara,77.0,Short,Morning,303.0,Long Term,12774.63,False
B1204,P1811,AI034,2025-07-25 11:37:36.951,CONFIRMED,Active,DEL - BOM,Air India,283.0,Long,Night,269.0,Long Term,14106.07,False
B1205,P1614,UK034,2025-10-18 11:37:36.951,CONFIRMED,Active,DEL - BLR,Vistara,204.0,Medium,Night,184.0,Long Term,10452.65,False
B1206,P1558,AI088,2025-07-02 11:37:36.951,CONFIRMED,Active,MAA - DEL,Air India,216.0,Medium,Night,292.0,Long Term,,True
B1207,P1038,AI128,2025-06-11 11:37:36.951,PENDING,Active,BOM - CCU,Air India,236.0,Medium,Night,313.0,Long Term,10823.99,False
B1208,P1284,SJ052,2025-07-22 11:37:36.951,,,MAA - BLR,SpiceJet,97.0,Short,Morning,272.0,Long Term,22071.57,False
B1209,P1821,AI233,2025-12-15 11:37:36.951,PENDING,Active,BLR - BOM,Air India,108.0,Short,Morning,126.0,Long Term,10307.2,False
B1210,P1601,AI012,2026-01-20 11:37:36.951,PENDING,Active,BOM - CCU,Air India,243.0,Long,Night,90.0,Medium Term,,True
B1211,P1596,AI084,2025-07-07 11:37:36.951,CONFIRMED,Active,BOM - HYD,Air India,75.0,Short,Morning,287.0,Long Term,,True
B1212,P1784,6F126,2025-07-08 11:37:36.951,PENDING,Active,CCU - MAA,IndiGo,78.0,Short,Morning,286.0,Long Term,8421.62,False
B1213,P1335,SJ061,2025-06-16 11:37:36.951,CONFIRMED,Active,MAA - BLR,SpiceJet,177.0,Medium,Night,308.0,Long Term,,True
B1214,P1187,UK194,2025-08-14 11:37:36.951,,,CCU - BOM,Vistara,60.0,Short,Morning,249.0,Long Term,,True
B1215,P1670,AI135,2025-08-08 11:37:36.951,CANCELLED,Cancelled,BLR - BOM,Air India,161.0,Medium,Night,255.0,Long Term,11951.15,False
B1216,P1242,6F238,2025-12-09 11:37:36.951,CONFIRMED,Active,BOM - DEL,IndiGo,48.0,Short,Morning,132.0,Long Term,19165.81,False
B1217,P1072,6F092,2026-03-19 11:37:36.951,CANCELLED,Cancelled,MAA - BLR,IndiGo,36.0,Short,Morning,32.0,Medium Term,,True
B1218,P1478,AI213,2025-11-13 11:37:36.951,PENDING,Active,HYD - CCU,Air India,71.0,Short,Morning,158.0,Long Term,,True
B1219,P1973,UK193,2026-02-15 11:37:36.951,CANCELLED,Cancelled,HYD - DEL,Vistara,35.0,Short,Morning,64.0,Medium Term,,True
B1220,P1560,6F178,2026-04-04 11:37:36.951,PENDING,Active,BOM - CCU,IndiGo,263.0,Long,Night,16.0,Short Term,11075.72,False
B1221,P1100,AI158,2026-03-06 11:37:36.951,CONFIRMED,Active,CCU - DEL,Air India,177.0,Medium,Night,45.0,Medium Term,18797.11,False
B1222,P1513,UK208,2026-03-30 11:37:36.951,PENDING,Active,DEL - CCU,Vistara,297.0,Long,Night,21.0,Short Term,,True
B1223,P1755,6F056,2026-04-09 11:37:36.951,,,BOM - MAA,IndiGo,109.0,Short,Morning,11.0,Short Term,1794.08,False
B1224,P1175,UK185,2025-10-26 11:37:36.951,CONFIRMED,Active,DEL - MAA,Vistara,77.0,Short,Morning,176.0,Long Term,,True
B1225,P1237,AI163,2026-01-13 11:37:36.951,PENDING,Active,HYD - MAA,Air India,61.0,Short,Morning,97.0,Long Term,3894.65,False
B1226,P1909,AI112,2025-08-23 11:37:36.951,CONFIRMED,Active,DEL - BLR,Air India,223.0,Medium,Night,240.0,Long Term,8968.11,False
B1227,P1058,AI227,2025-10-23 11:37:36.951,CANCELLED,Cancelled,BLR - MAA,Air India,226.0,Medium,Night,179.0,Long Term,,True
B1228,P1864,SJ083,2026-04-17 11:37:36.951,CONFIRMED,Active,MAA - BLR,SpiceJet,184.0,Medium,Night,3.0,Last Minute,11716.58,False
B1229,P1098,UK073,2026-02-07 11:37:36.951,CONFIRMED,Active,BLR - CCU,Vistara,250.0,Long,Night,72.0,Medium Term,,True
B1230,P1953,6F169,2025-04-29 11:37:36.951,PENDING,Active,BOM - DEL,IndiGo,279.0,Long,Night,356.0,Long Term,4531.77,False
B1231,P1870,UK154,2026-04-06 11:37:36.951,CANCELLED,Cancelled,MAA - HYD,Vistara,237.0,Medium,Night,14.0,Short Term,11556.42,False
B1232,P1953,SJ169,2025-10-06 11:37:36.951,CONFIRMED,Active,BOM - MAA,SpiceJet,286.0,Long,Night,196.0,Long Term,,True
B1233,P1494,6F187,2025-05-13 11:37:36.951,CANCELLED,Cancelled,BOM - MAA,IndiGo,258.0,Long,Night,342.0,Long Term,1617.29,False
B1234,P1946,UK210,2025-11-21 11:37:36.951,CANCELLED,Cancelled,DEL - CCU,Vistara,55.0,Short,Night,150.0,Long Term,7984.22,False
B1235,P1979,6F250,2025-12-23 11:37:36.951,PENDING,Active,,,,,,,,1236.74,False
B1236,P1513,AI062,2025-07-05 11:37:36.951,CONFIRMED,Active,MAA - DEL,Air India,36.0,Short,Night,289.0,Long Term,,True
B1237,P1754,AI047,2025-11-16 11:37:36.951,,,CCU - MAA,Air India,47.0,Short,Night,155.0,Long Term,,True
B1238,P1296,SJ186,2025-10-20 11:37:36.951,,,CCU - DEL,SpiceJet,131.0,Medium,Night,182.0,Long Term,3231.46,False
B1239,P1210,AI217,2025-11-17 11:37:36.951,CANCELLED,Cancelled,CCU - BLR,Air India,137.0,Medium,Night,154.0,Long Term,8821.9,False
B1240,P1122,UK100,2025-12-31 11:37:36.951,CONFIRMED,Active,CCU - BLR,Vistara,152.0,Medium,Night,110.0,Long Term,12241.53,False
B1241,P1228,UK116,2025-12-16 11:37:36.951,CONFIRMED,Active,CCU - BOM,Vistara,228.0,Medium,Night,125.0,Long Term,,True
B1242,P1593,6F036,2025-12-01 11:37:36.951,CANCELLED,Cancelled,CCU - BLR,IndiGo,283.0,Long,Night,140.0,Long Term,,True
B1243,P1655,AI175,2026-01-22 11:37:36.951,CANCELLED,Cancelled,BOM - HYD,Air India,227.0,Medium,Night,88.0,Medium Term,,True
B1244,P1387,UK051,2025-08-18 11:37:36.951,CONFIRMED,Active,HYD - DEL,Vistara,180.0,Medium,Night,245.0,Long Term,4953.56,False
B1245,P1139,6F201,2026-04-17 11:37:36.951,,,CCU - BOM,IndiGo,280.0,Long,Night,3.0,Last Minute,3162.91,False
B1246,P1540,6F230,2026-04-09 11:37:36.951,CONFIRMED,Active,CCU - BLR,IndiGo,193.0,Medium,Night,11.0,Short Term,11516.06,False
B1247,P1390,SJ138,2025-08-13 11:37:36.951,CANCELLED,Cancelled,BLR - BOM,SpiceJet,48.0,Short,Night,250.0,Long Term,7658.69,False
B1248,P1269,AI246,2026-03-04 11:37:36.951,PENDING,Active,BOM - BLR,Air India,199.0,Medium,Night,47.0,Medium Term,,True
B1249,P1758,6F179,2025-06-06 11:37:36.951,CANCELLED,Cancelled,HYD - MAA,IndiGo,255.0,Long,Night,318.0,Long Term,5024.44,False
B1250,P1011,6F031,2026-01-28 11:37:36.951,CANCELLED,Cancelled,BOM - BLR,IndiGo,277.0,Long,Night,82.0,Medium Term,6497.92,False
B1251,P1866,UK015,2025-08-30 11:37:36.951,PENDING,Active,BLR - BOM,Vistara,107.0,Short,Night,233.0,Long Term,6952.65,False
B1252,P1388,UK001,2025-04-21 11:37:36.951,CANCELLED,Cancelled,CCU - DEL,Vistara,85.0,Short,Night,364.0,Long Term,1480.08,False
B1253,P1336,6F133,2026-02-27 11:37:36.951,CANCELLED,Cancelled,MAA - BLR,IndiGo,107.0,Short,Night,52.0,Medium Term,16182.17,False
B1254,P1505,6F143,2025-07-22 11:37:36.951,CANCELLED,Cancelled,CCU - DEL,IndiGo,239.0,Medium,Night,272.0,Long Term,,True
B1255,P1105,UK165,2025-09-22 11:37:36.951,CANCELLED,Cancelled,DEL - BLR,Vistara,253.0,Long,Night,210.0,Long Term,1412.67,False
B1256,P1031,6F083,2025-08-10 11:37:36.951,CANCELLED,Cancelled,BLR - DEL,IndiGo,39.0,Short,Night,253.0,Long Term,2040.64,False
B1257,P1073,AI082,2025-08-19 11:37:36.951,CANCELLED,Cancelled,DEL - CCU,Air India,162.0,Medium,Night,244.0,Long Term,13028.65,False
B1258,P1170,AI164,2025-10-28 11:37:36.951,CANCELLED,Cancelled,DEL - BLR,Air India,108.0,Short,Night,174.0,Long Term,,True
B1259,P1848,SJ155,2026-01-19 11:37:36.951,CANCELLED,Cancelled,DEL - CCU,SpiceJet,300.0,Long,Night,91.0,Long Term,12805.67,False
B1260,P1068,AI189,2026-01-04 11:37:36.951,CANCELLED,Cancelled,CCU - DEL,Air India,108.0,Short,Night,106.0,Long Term,16293.859999999999,False
B1261,P1812,SJ057,2025-12-21 11:37:36.951,CONFIRMED,Active,BOM - CCU,SpiceJet,192.0,Medium,Night,120.0,Long Term,,True
B1262,P1361,SJ198,2025-05-07 11:37:36.951,CONFIRMED,Active,CCU - BOM,SpiceJet,281.0,Long,Night,348.0,Long Term,10619.2,False
B1263,P1648,6F122,2026-01-03 11:37:36.951,CANCELLED,Cancelled,DEL - BLR,IndiGo,224.0,Medium,Night,107.0,Long Term,12480.9,False
B1264,P1432,SJ097,2026-04-15 11:37:36.951,CONFIRMED,Active,BOM - CCU,SpiceJet,170.0,Medium,Night,5.0,Last Minute,8599.61,False
B1265,P1928,UK203,2025-08-06 11:37:36.951,PENDING,Active,BLR - HYD,Vistara,72.0,Short,Night,257.0,Long Term,,True
B1266,P1995,UK093,2026-01-16 11:37:36.951,CONFIRMED,Active,HYD - CCU,Vistara,50.0,Short,Night,94.0,Long Term,14431.32,False
B1267,P1099,AI205,2025-05-21 11:37:36.951,CANCELLED,Cancelled,BLR - BOM,Air India,108.0,Short,Night,334.0,Long Term,16308.98,False
B1268,P1657,AI102,2026-01-16 11:37:36.951,,,CCU - BLR,Air India,291.0,Long,Night,94.0,Long Term,13289.27,False
B1269,P1008,6F046,2025-09-06 11:37:36.951,CONFIRMED,Active,DEL - BLR,IndiGo,221.0,Medium,Night,226.0,Long Term,21299.7,False
B1270,P1573,SJ017,2025-06-02 11:37:36.951,,,DEL - MAA,SpiceJet,123.0,Medium,Night,322.0,Long Term,,True
B1271,P1696,6F156,2025-10-20 11:37:36.951,PENDING,Active,MAA - BOM,IndiGo,154.0,Medium,Night,182.0,Long Term,12211.33,False
B1272,P1028,AI068,2025-07-18 11:37:36.951,PENDING,Active,BOM - BLR,Air India,120.0,Short,Night,276.0,Long Term,30432.86,False
B1273,P1892,AI150,2025-06-05 11:37:36.951,,,BOM - DEL,Air India,47.0,Short,Night,319.0,Long Term,9142.12,False
B1274,P1113,UK008,2025-10-15 11:37:36.951,PENDING,Active,CCU - BLR,Vistara,37.0,Short,Night,187.0,Long Term,8582.34,False
B1275,P1461,6F166,2025-07-11 11:37:36.951,PENDING,Active,BOM - CCU,IndiGo,270.0,Long,Night,283.0,Long Term,,True
B1276,P1920,6F177,2025-07-15 11:37:36.951,CONFIRMED,Active,HYD - MAA,IndiGo,142.0,Medium,Night,279.0,Long Term,9396.07,False
B1277,P1142,AI196,2026-01-19 11:37:36.951,PENDING,Active,MAA - HYD,Air India,93.0,Short,Night,91.0,Long Term,,True
B1278,P1389,SJ191,2025-08-09 11:37:36.951,CONFIRMED,Active,BLR - BOM,SpiceJet,82.0,Short,Night,254.0,Long Term,,True
B1279,P1631,6F019,2025-05-10 11:37:36.951,,,BLR - BOM,IndiGo,235.0,Medium,Night,345.0,Long Term,5467.05,False
B1280,P1681,AI226,2026-04-12 11:37:36.951,CONFIRMED,Active,BLR - HYD,Air India,169.0,Medium,Night,8.0,Short Term,,True
B1281,P1156,SJ207,2026-01-21 11:37:36.951,CANCELLED,Cancelled,DEL - CCU,SpiceJet,193.0,Medium,Night,89.0,Medium Term,4413.8,False
B1282,P1334,AI009,2025-12-30 11:37:36.951,CANCELLED,Cancelled,DEL - CCU,Air India,154.0,Medium,Night,111.0,Long Term,,True
B1283,P1860,AI103,2025-05-08 11:37:36.951,,,BLR - BOM,Air India,38.0,Short,Night,347.0,Long Term,8606.06,False
B1284,P1259,SJ127,2026-02-22 11:37:36.951,CANCELLED,Cancelled,BOM - DEL,SpiceJet,157.0,Medium,Night,57.0,Medium Term,12706.73,False
B1285,P1081,UK188,2026-03-26 11:37:36.951,CANCELLED,Cancelled,MAA - BLR,Vistara,49.0,Short,Night,25.0,Short Term,1207.32,False
B1286,P1753,6F010,2025-09-25 11:37:36.951,,,DEL - BLR,IndiGo,231.0,Medium,Evening,206.0,Long Term,,True
B1287,P1440,SJ098,2025-12-13 11:37:36.951,CANCELLED,Cancelled,HYD - MAA,SpiceJet,35.0,Short,Night,128.0,Long Term,22303.69,False
B1288,P1944,6F058,2025-12-11 11:37:36.951,PENDING,Active,BOM - CCU,IndiGo,149.0,Medium,Night,130.0,Long Term,9254.89,False
B1289,P1171,SJ030,2026-03-23 11:37:36.951,PENDING,Active,DEL - HYD,SpiceJet,43.0,Short,Night,28.0,Short Term,12016.99,False
B1290,P1230,UK175,2025-07-26 11:37:36.951,CANCELLED,Cancelled,BLR - BOM,Vistara,202.0,Medium,Evening,267.0,Long Term,13471.57,False
B1291,P1719,SJ108,2026-04-01 11:37:36.951,PENDING,Active,BLR - HYD,SpiceJet,156.0,Medium,Night,19.0,Short Term,4129.39,False
B1292,P1074,6F075,2025-08-03 11:37:36.951,CONFIRMED,Active,BOM - CCU,IndiGo,282.0,Long,Evening,259.0,Long Term,22109.52,False
B1293,P1269,UK222,2025-08-31 11:37:36.951,CONFIRMED,Active,BOM - CCU,Vistara,95.0,Short,Night,232.0,Long Term,6227.3,False
B1294,P1898,6F250,2025-07-13 11:37:36.951,CANCELLED,Cancelled,,,,,,,,,True
B1295,P1625,AI096,2025-12-29 11:37:36.951,CANCELLED,Cancelled,CCU - DEL,Air India,298.0,Long,Evening,111.0,Long Term,,True
B1296,P1061,AI216,2025-12-23 11:37:36.951,CANCELLED,Cancelled,BOM - CCU,Air India,84.0,Short,Night,118.0,Long Term,,True
B1297,P1873,6F193,2026-01-23 11:37:36.951,PENDING,Active,BOM - MAA,IndiGo,118.0,Short,Night,87.0,Medium Term,,True
B1298,P1319,SJ194,2026-01-02 11:37:36.951,PENDING,Active,CCU - DEL,SpiceJet,225.0,Medium,Evening,107.0,Long Term,,True
B1299,P1101,SJ020,2025-09-11 11:37:36.951,CONFIRMED,Active,BLR - BOM,SpiceJet,249.0,Long,Evening,220.0,Long Term,8842.93,False
B1300,P1428,6F070,2025-06-14 11:37:36.951,PENDING,Active,HYD - DEL,IndiGo,181.0,Medium,Evening,309.0,Long Term,,True
B1301,P1873,AI051,2025-09-03 11:37:36.951,CONFIRMED,Active,MAA - BLR,Air India,55.0,Short,Night,229.0,Long Term,14671.03,False
B1302,P1721,UK219,2025-12-27 11:37:36.951,PENDING,Active,BOM - HYD,Vistara,258.0,Long,Evening,113.0,Long Term,24221.91,False
B1303,P1953,AI235,2025-12-13 11:37:36.951,CONFIRMED,Active,BLR - HYD,Air India,207.0,Medium,Evening,127.0,Long Term,19672.949999999997,False
B1304,P1254,6F022,2025-12-13 11:37:36.951,,,MAA - BLR,IndiGo,259.0,Long,Evening,127.0,Long Term,,True
B1305,P1531,SJ114,2025-09-28 11:37:36.951,PENDING,Active,HYD - DEL,SpiceJet,200.0,Medium,Evening,203.0,Long Term,13844.39,False
B1306,P1569,SJ076,2025-12-01 11:37:36.951,CONFIRMED,Active,DEL - MAA,SpiceJet,181.0,Medium,Evening,139.0,Long Term,9753.04,False
B1307,P1111,UK227,2026-01-26 11:37:36.951,PENDING,Active,BOM - HYD,Vistara,230.0,Medium,Evening,83.0,Medium Term,26271.33,False
B1308,P1984,UK135,2025-07-22 11:37:36.951,CANCELLED,Cancelled,HYD - DEL,Vistara,113.0,Short,Evening,271.0,Long Term,21710.67,False
B1309,P1312,AI234,2025-05-06 11:37:36.951,CONFIRMED,Active,BOM - MAA,Air India,104.0,Short,Evening,348.0,Long Term,,True
B1310,P1997,6F113,2025-08-20 11:37:36.951,PENDING,Active,BOM - CCU,IndiGo,266.0,Long,Evening,242.0,Long Term,7370.22,False
B1311,P1460,SJ206,2025-11-16 11:37:36.951,PENDING,Active,DEL - CCU,SpiceJet,278.0,Long,Evening,154.0,Long Term,,True
B1312,P1707,AI015,2026-03-29 11:37:36.951,,,BLR - CCU,Air India,114.0,Short,Evening,21.0,Short Term,,True
B1313,P1886,6F260,2025-05-16 11:37:36.951,CANCELLED,Cancelled,CCU - DEL,IndiGo,203.0,Medium,Evening,338.0,Long Term,,True
B1314,P1461,AI061,2025-04-28 11:37:36.951,CONFIRMED,Active,BOM - CCU,Air India,91.0,Short,Evening,356.0,Long Term,7529.51,False
B1315,P1864,6F237,2026-03-26 11:37:36.951,PENDING,Active,HYD - MAA,IndiGo,183.0,Medium,Evening,24.0,Short Term,,True
B1316,P1091,SJ099,2026-01-06 11:37:36.951,PENDING,Active,MAA - BLR,SpiceJet,140.0,Medium,Evening,103.0,Long Term,11302.63,False
B1317,P1051,SJ146,2026-02-24 11:37:36.951,CANCELLED,Cancelled,HYD - BLR,SpiceJet,116.0,Short,Evening,54.0,Medium Term,33282.71,False
B1318,P1804,SJ146,2025-05-23 11:37:36.951,CANCELLED,Cancelled,HYD - BLR,SpiceJet,116.0,Short,Evening,331.0,Long Term,4594.77,False
B1319,P1519,6F071,2025-05-04 11:37:36.951,CONFIRMED,Active,DEL - CCU,IndiGo,253.0,Long,Evening,350.0,Long Term,5359.26,False
B1320,P1811,6F272,2025-08-13 11:37:36.951,PENDING,Active,HYD - MAA,IndiGo,47.0,Short,Evening,249.0,Long Term,22159.09,False
B1321,P1097,SJ029,2026-02-12 11:37:36.951,PENDING,Active,HYD - DEL,SpiceJet,87.0,Short,Evening,66.0,Medium Term,,True
B1322,P1235,UK084,2025-07-27 11:37:36.951,CONFIRMED,Active,MAA - DEL,Vistara,216.0,Medium,Evening,266.0,Long Term,,True
B1323,P1900,SJ048,2026-02-06 11:37:36.951,CONFIRMED,Active,MAA - BLR,SpiceJet,96.0,Short,Evening,72.0,Medium Term,,True
B1324,P1373,AI108,2026-02-04 11:37:36.951,CANCELLED,Cancelled,BLR - CCU,Air India,165.0,Medium,Evening,74.0,Medium Term,7543.0,False
B1325,P1580,SJ134,2025-08-11 11:37:36.951,CANCELLED,Cancelled,BOM - CCU,SpiceJet,257.0,Long,Evening,251.0,Long Term,4503.45,False
B1326,P1926,UK146,2025-10-31 11:37:36.951,CONFIRMED,Active,BOM - MAA,Vistara,148.0,Medium,Evening,170.0,Long Term,,True
B1327,P1556,SJ036,2025-09-24 11:37:36.951,CONFIRMED,Active,DEL - HYD,SpiceJet,210.0,Medium,Evening,207.0,Long Term,13822.99,False
B1328,P1648,6F202,2025-11-01 11:37:36.951,PENDING,Active,HYD - BLR,IndiGo,210.0,Medium,Evening,169.0,Long Term,,True
B1329,P1233,UK041,2026-02-13 11:37:36.951,CONFIRMED,Active,HYD - MAA,Vistara,67.0,Short,Evening,65.0,Medium Term,6401.38,False
B1330,P1031,6F078,2025-12-06 11:37:36.951,CONFIRMED,Active,BOM - CCU,IndiGo,93.0,Short,Evening,134.0,Long Term,,True
B1331,P1288,AI097,2025-07-03 11:37:36.951,PENDING,Active,HYD - MAA,Air India,292.0,Long,Afternoon,290.0,Long Term,7131.5,False
B1332,P1637,UK159,2026-01-15 11:37:36.951,CONFIRMED,Active,CCU - BLR,Vistara,167.0,Medium,Evening,94.0,Long Term,4183.32,False
B1333,P1578,UK044,2025-09-06 11:37:36.951,CANCELLED,Cancelled,BLR - BOM,Vistara,178.0,Medium,Evening,225.0,Long Term,4610.9,False
B1334,P1541,6F176,2025-09-27 11:37:36.951,CANCELLED,Cancelled,CCU - DEL,IndiGo,180.0,Medium,Evening,204.0,Long Term,,True
B1335,P1113,SJ221,2026-02-11 11:37:36.951,PENDING,Active,MAA - HYD,SpiceJet,286.0,Long,Afternoon,67.0,Medium Term,,True
B1336,P1203,6F112,2025-07-03 11:37:36.951,CONFIRMED,Active,HYD - DEL,IndiGo,136.0,Medium,Evening,290.0,Long Term,,True
B1337,P1028,6F246,2025-10-20 11:37:36.951,,,HYD - DEL,IndiGo,136.0,Medium,Evening,181.0,Long Term,,True
B1338,P1642,6F014,2026-02-21 11:37:36.951,CANCELLED,Cancelled,DEL - MAA,IndiGo,213.0,Medium,Evening,57.0,Medium Term,,True
B1339,P1473,AI237,2025-09-17 11:37:36.951,CANCELLED,Cancelled,BOM - CCU,Air India,195.0,Medium,Evening,214.0,Long Term,,True
B1340,P1696,6F003,2025-12-14 11:37:36.951,CANCELLED,Cancelled,HYD - BOM,IndiGo,187.0,Medium,Evening,126.0,Long Term,,True
B1341,P1252,6F249,2025-07-04 11:37:36.951,CONFIRMED,Active,HYD - BOM,IndiGo,187.0,Medium,Evening,289.0,Long Term,9263.24,False
B1342,P1797,UK149,2025-04-29 11:37:36.951,CONFIRMED,Active,MAA - DEL,Vistara,286.0,Long,Afternoon,355.0,Long Term,19003.28,False
B1343,P1904,SJ163,2026-03-08 11:37:36.951,CONFIRMED,Active,DEL - HYD,SpiceJet,276.0,Long,Afternoon,42.0,Medium Term,,True
B1344,P1921,SJ243,2026-03-28 11:37:36.951,CONFIRMED,Active,BLR - DEL,SpiceJet,286.0,Long,Afternoon,22.0,Short Term,,True
B1345,P1385,UK113,2025-06-06 11:37:36.951,CANCELLED,Cancelled,CCU - DEL,Vistara,264.0,Long,Afternoon,317.0,Long Term,,True
B1346,P1061,AI071,2025-06-07 11:37:36.951,PENDING,Active,BOM - MAA,Air India,183.0,Medium,Evening,316.0,Long Term,,True
B1347,P1514,6F271,2026-02-07 11:37:36.951,PENDING,Active,HYD - MAA,IndiGo,199.0,Medium,Evening,71.0,Medium Term,12000.54,False
B1348,P1429,SJ015,2025-06-05 11:37:36.951,CANCELLED,Cancelled,BOM - CCU,SpiceJet,72.0,Short,Evening,318.0,Long Term,,True
B1349,P1579,UK047,2025-11-19 11:37:36.951,CANCELLED,Cancelled,BLR - HYD,Vistara,245.0,Long,Afternoon,151.0,Long Term,11101.75,False
B1350,P1536,UK020,2026-02-04 11:37:36.951,PENDING,Active,MAA - BLR,Vistara,75.0,Short,Evening,74.0,Medium Term,30051.37,False
B1351,P1690,AI122,2025-09-03 11:37:36.951,PENDING,Active,BOM - CCU,Air India,251.0,Long,Afternoon,228.0,Long Term,14687.44,False
B1352,P1140,UK223,2025-10-20 11:37:36.951,CANCELLED,Cancelled,CCU - DEL,Vistara,32.0,Short,Evening,181.0,Long Term,12219.85,False
B1353,P1742,6F148,2025-09-19 11:37:36.951,CANCELLED,Cancelled,CCU - BOM,IndiGo,127.0,Medium,Evening,212.0,Long Term,,True
B1354,P1299,SJ162,2025-12-14 11:37:36.951,CONFIRMED,Active,DEL - HYD,SpiceJet,139.0,Medium,Evening,126.0,Long Term,10023.88,False
B1355,P1674,6F127,2026-03-30 11:37:36.951,CONFIRMED,Active,HYD - BOM,IndiGo,241.0,Long,Afternoon,20.0,Short Term,14298.510000000002,False
B1356,P1310,AI173,2025-11-10 11:37:36.951,PENDING,Active,HYD - DEL,Air India,291.0,Long,Afternoon,160.0,Long Term,,True
B1357,P1470,6F065,2026-02-05 11:37:36.951,,,MAA - BLR,IndiGo,163.0,Medium,Evening,73.0,Medium Term,6983.72,False
B1358,P1392,AI053,2025-06-22 11:37:36.951,PENDING,Active,CCU - DEL,Air India,255.0,Long,Afternoon,301.0,Long Term,,True
B1359,P1641,AI241,2025-10-22 11:37:36.951,CONFIRMED,Active,HYD - BLR,Air India,127.0,Medium,Evening,179.0,Long Term,21566.809999999998,False
B1360,P1444,AI105,2025-06-15 11:37:36.951,,,CCU - DEL,Air India,107.0,Short,Evening,308.0,Long Term,,True
B1361,P1757,AI110,2025-08-24 11:37:36.951,PENDING,Active,BOM - CCU,Air India,293.0,Long,Afternoon,238.0,Long Term,5339.72,False
B1362,P1808,AI252,2025-10-22 11:37:36.951,CONFIRMED,Active,HYD - DEL,Air India,264.0,Long,Afternoon,179.0,Long Term,,True
B1363,P1171,AI149,2025-12-14 11:37:36.951,CANCELLED,Cancelled,BOM - HYD,Air India,197.0,Medium,Afternoon,126.0,Long Term,8554.62,False
B1364,P1575,AI224,2025-09-09 11:37:36.951,PENDING,Active,DEL - HYD,Air India,285.0,Long,Afternoon,222.0,Long Term,14123.66,False
B1365,P1030,UK158,2025-07-03 11:37:36.951,CANCELLED,Cancelled,BOM - MAA,Vistara,33.0,Short,Evening,290.0,Long Term,,True
B1366,P1046,6F125,2025-05-05 11:37:36.951,CANCELLED,Cancelled,BOM - CCU,IndiGo,244.0,Long,Afternoon,349.0,Long Term,,True
B1367,P1129,UK164,2025-12-14 11:37:36.951,CONFIRMED,Active,BOM - HYD,Vistara,264.0,Long,Afternoon,126.0,Long Term,2379.52,False
B1368,P1351,UK007,2025-12-26 11:37:36.951,CANCELLED,Cancelled,DEL - HYD,Vistara,134.0,Medium,Afternoon,114.0,Long Term,21921.94,False
B1369,P1977,6F118,2026-03-18 11:37:36.951,PENDING,Active,CCU - HYD,IndiGo,69.0,Short,Evening,32.0,Medium Term,18103.68,False
B1370,P1844,SJ004,2026-01-01 11:37:36.951,CANCELLED,Cancelled,MAA - DEL,SpiceJet,189.0,Medium,Afternoon,108.0,Long Term,16512.64,False
B1371,P1621,6F206,2025-09-25 11:37:36.951,CANCELLED,Cancelled,DEL - BOM,IndiGo,260.0,Long,Afternoon,206.0,Long Term,,True
B1372,P1580,SJ130,2025-05-11 11:37:36.951,CANCELLED,Cancelled,BOM - DEL,SpiceJet,240.0,Medium,Afternoon,343.0,Long Term,10597.220000000001,False
B1373,P1057,SJ070,2026-02-14 11:37:36.951,CANCELLED,Cancelled,MAA - CCU,SpiceJet,113.0,Short,Afternoon,64.0,Medium Term,6540.32,False
B1374,P1105,AI085,2025-04-24 11:37:36.951,CANCELLED,Cancelled,DEL - HYD,Air India,288.0,Long,Afternoon,360.0,Long Term,,True
B1375,P1811,SJ109,2025-09-02 11:37:36.951,CONFIRMED,Active,BOM - DEL,SpiceJet,184.0,Medium,Afternoon,229.0,Long Term,19214.79,False
B1376,P1329,AI168,2025-08-24 11:37:36.951,PENDING,Active,DEL - CCU,Air India,270.0,Long,Afternoon,238.0,Long Term,19918.21,False
B1377,P1767,UK123,2025-10-24 11:37:36.951,CONFIRMED,Active,BOM - DEL,Vistara,174.0,Medium,Afternoon,177.0,Long Term,,True
B1378,P1823,UK110,2026-01-16 11:37:36.951,PENDING,Active,HYD - DEL,Vistara,287.0,Long,Afternoon,93.0,Long Term,14416.01,False
B1379,P1682,AI206,2025-11-02 11:37:36.951,PENDING,Active,CCU - MAA,Air India,211.0,Medium,Afternoon,168.0,Long Term,,True
B1380,P1382,6F007,2026-04-16 11:37:36.951,PENDING,Active,HYD - MAA,IndiGo,59.0,Short,Afternoon,3.0,Last Minute,14705.02,False
B1381,P1984,SJ013,2025-11-11 11:37:36.951,PENDING,Active,DEL - MAA,SpiceJet,269.0,Long,Afternoon,159.0,Long Term,7452.89,False
B1382,P1161,UK061,2025-09-19 11:37:36.951,PENDING,Active,BLR - BOM,Vistara,110.0,Short,Afternoon,212.0,Long Term,14862.46,False
B1383,P1996,AI010,2025-09-24 11:37:36.951,CANCELLED,Cancelled,BOM - HYD,Air India,288.0,Long,Afternoon,207.0,Long Term,,True
B1384,P1285,AI024,2025-05-16 11:37:36.951,CONFIRMED,Active,MAA - BOM,Air India,67.0,Short,Afternoon,338.0,Long Term,5107.55,False
B1385,P1070,UK130,2025-06-08 11:37:36.951,CONFIRMED,Active,MAA - BLR,Vistara,247.0,Long,Afternoon,315.0,Long Term,,True
B1386,P1766,AI161,2026-03-12 11:37:36.951,CANCELLED,Cancelled,CCU - BOM,Air India,180.0,Medium,Afternoon,38.0,Medium Term,,True
B1387,P1453,SJ208,2025-07-23 11:37:36.951,PENDING,Active,DEL - HYD,SpiceJet,61.0,Short,Afternoon,270.0,Long Term,,True
B1388,P1885,6F038,2025-09-23 11:37:36.951,,,HYD - MAA,IndiGo,237.0,Medium,Afternoon,208.0,Long Term,22550.010000000002,False
B1389,P1566,6F085,2026-02-22 11:37:36.951,,,HYD - MAA,IndiGo,120.0,Short,Afternoon,56.0,Medium Term,,True
B1390,P1834,SJ028,2026-03-09 11:37:36.951,CANCELLED,Cancelled,CCU - BOM,SpiceJet,268.0,Long,Afternoon,41.0,Medium Term,,True
B1391,P1396,SJ084,2025-11-26 11:37:36.951,CONFIRMED,Active,HYD - MAA,SpiceJet,59.0,Short,Afternoon,144.0,Long Term,35468.95,False
B1392,P1514,AI139,2026-03-27 11:37:36.951,CONFIRMED,Active,HYD - MAA,Air India,61.0,Short,Afternoon,23.0,Short Term,,True
B1393,P1025,UK179,2026-04-06 11:37:36.951,PENDING,Active,DEL - HYD,Vistara,290.0,Long,Afternoon,13.0,Short Term,5252.26,False
B1394,P1312,6F256,2025-07-23 11:37:36.951,PENDING,Active,BOM - CCU,IndiGo,33.0,Short,Afternoon,270.0,Long Term,,True
B1395,P1125,UK023,2026-02-10 11:37:36.951,,,DEL - MAA,Vistara,288.0,Long,Afternoon,68.0,Medium Term,10317.13,False
B1396,P1407,AI039,2025-08-03 11:37:36.951,,,MAA - BLR,Air India,212.0,Medium,Afternoon,259.0,Long Term,16199.130000000001,False
B1397,P1564,UK190,2026-02-05 11:37:36.951,CANCELLED,Cancelled,DEL - BLR,Vistara,184.0,Medium,Afternoon,73.0,Medium Term,3065.33,False
B1398,P1197,6F224,2026-02-04 11:37:36.951,PENDING,Active,DEL - MAA,IndiGo,119.0,Short,Afternoon,74.0,Medium Term,7148.95,False
B1399,P1810,UK221,2025-05-31 11:37:36.951,PENDING,Active,CCU - DEL,Vistara,266.0,Long,Afternoon,323.0,Long Term,,True
B1400,P1187,SJ107,2026-04-02 11:37:36.951,CANCELLED,Cancelled,BOM - MAA,SpiceJet,268.0,Long,Afternoon,17.0,Short Term,3063.78,False
B1401,P1697,UK155,2025-04-20 11:37:36.951,,,MAA - HYD,Vistara,243.0,Long,Afternoon,364.0,Long Term,20849.53,False
B1402,P1816,UK183,2026-03-21 11:37:36.951,CANCELLED,Cancelled,BLR - CCU,Vistara,83.0,Short,Afternoon,29.0,Short Term,16058.67,False
B1403,P1809,SJ203,2025-05-08 11:37:36.951,PENDING,Active,DEL - HYD,SpiceJet,125.0,Medium,Afternoon,346.0,Long Term,,True
B1404,P1715,6F253,2026-03-07 11:37:36.951,,,MAA - BLR,IndiGo,118.0,Short,Afternoon,43.0,Medium Term,7473.06,False
B1405,P1483,AI100,2025-08-26 11:37:36.951,PENDING,Active,CCU - BOM,Air India,220.0,Medium,Afternoon,236.0,Long Term,,True
B1406,P1449,6F140,2025-06-24 11:37:36.951,CONFIRMED,Active,CCU - HYD,IndiGo,111.0,Short,Afternoon,299.0,Long Term,21722.62,False
B1407,P1522,UK048,2025-08-26 11:37:36.951,CONFIRMED,Active,MAA - DEL,Vistara,285.0,Long,Afternoon,236.0,Long Term,,True
B1408,P1870,SJ204,2025-07-29 11:37:36.951,CONFIRMED,Active,CCU - DEL,SpiceJet,101.0,Short,Afternoon,264.0,Long Term,7805.42,False
B1409,P1353,UK105,2026-03-24 11:37:36.951,CONFIRMED,Active,CCU - HYD,Vistara,67.0,Short,Afternoon,26.0,Short Term,1095.0,False
B1410,P1985,AI098,2026-04-13 11:37:36.951,CONFIRMED,Active,HYD - MAA,Air India,130.0,Medium,Afternoon,6.0,Last Minute,,True
B1411,P1657,6F013,2025-10-12 11:37:36.951,CANCELLED,Cancelled,BOM - CCU,IndiGo,290.0,Long,Afternoon,189.0,Long Term,13409.029999999999,False
B1412,P1596,6F128,2025-11-18 11:37:36.951,CANCELLED,Cancelled,HYD - DEL,IndiGo,67.0,Short,Afternoon,152.0,Long Term,10616.41,False
B1413,P1099,SJ038,2025-10-05 11:37:36.951,,,BLR - DEL,SpiceJet,169.0,Medium,Afternoon,196.0,Long Term,,True
B1414,P1615,SJ182,2026-01-07 11:37:36.951,CONFIRMED,Active,CCU - BOM,SpiceJet,48.0,Short,Afternoon,102.0,Long Term,6182.07,False
B1415,P1947,6F199,2026-03-22 11:37:36.951,PENDING,Active,DEL - MAA,IndiGo,137.0,Medium,Afternoon,28.0,Short Term,,True
B1416,P1557,SJ187,2025-08-17 11:37:36.951,CANCELLED,Cancelled,MAA - BLR,SpiceJet,203.0,Medium,Afternoon,245.0,Long Term,,True
B1417,P1555,AI182,2025-08-18 11:37:36.951,PENDING,Active,HYD - DEL,Air India,273.0,Long,Morning,244.0,Long Term,7252.05,False
B1418,P1277,SJ027,2025-05-04 11:37:36.951,PENDING,Active,BOM - MAA,SpiceJet,263.0,Long,Morning,350.0,Long Term,12326.46,False
B1419,P1692,SJ062,2026-01-20 11:37:36.951,CONFIRMED,Active,BLR - HYD,SpiceJet,209.0,Medium,Afternoon,89.0,Medium Term,4937.75,False
B1420,P1698,SJ161,2026-02-24 11:37:36.951,CONFIRMED,Active,MAA - BLR,SpiceJet,42.0,Short,Afternoon,54.0,Medium Term,7161.79,False
B1421,P1989,UK058,2025-10-03 11:37:36.951,,,MAA - BOM,Vistara,198.0,Medium,Afternoon,198.0,Long Term,,True
B1422,P1625,AI181,2026-01-04 11:37:36.951,CANCELLED,Cancelled,MAA - HYD,Air India,206.0,Medium,Afternoon,105.0,Long Term,4826.6,False
B1423,P1490,AI003,2025-06-12 11:37:36.951,CONFIRMED,Active,BLR - HYD,Air India,208.0,Medium,Afternoon,311.0,Long Term,,True
B1424,P1254,6F150,2025-11-05 11:37:36.951,CANCELLED,Cancelled,HYD - MAA,IndiGo,238.0,Medium,Morning,165.0,Long Term,,True
B1425,P1380,SJ175,2025-06-28 11:37:36.951,CANCELLED,Cancelled,MAA - BLR,SpiceJet,244.0,Long,Morning,295.0,Long Term,,True
B1426,P1891,6F041,2025-12-15 11:37:36.951,CANCELLED,Cancelled,MAA - BOM,IndiGo,209.0,Medium,Afternoon,125.0,Long Term,,True
B1427,P1541,SJ040,2026-04-15 11:37:36.951,CANCELLED,Cancelled,BOM - CCU,SpiceJet,212.0,Medium,Afternoon,4.0,Last Minute,,True
B1428,P1263,6F020,2025-06-17 11:37:36.951,CONFIRMED,Active,BOM - HYD,IndiGo,105.0,Short,Afternoon,306.0,Long Term,,True
B1429,P1609,AI248,2025-05-08 11:37:36.951,CANCELLED,Cancelled,CCU - DEL,Air India,78.0,Short,Afternoon,346.0,Long Term,16937.88,False
B1430,P1824,SJ016,2026-02-08 11:37:36.951,CONFIRMED,Active,HYD - CCU,SpiceJet,205.0,Medium,Afternoon,70.0,Medium Term,,True
B1431,P1878,UK204,2025-11-21 11:37:36.951,CONFIRMED,Active,BLR - DEL,Vistara,98.0,Short,Afternoon,149.0,Long Term,22261.949999999997,False
B1432,P1328,6F211,2025-09-02 11:37:36.951,CANCELLED,Cancelled,MAA - BLR,IndiGo,291.0,Long,Morning,229.0,Long Term,,True
B1433,P1114,SJ166,2025-05-07 11:37:36.951,CONFIRMED,Active,CCU - HYD,SpiceJet,207.0,Medium,Morning,347.0,Long Term,15968.93,False
B1434,P1275,AI036,2025-10-19 11:37:36.951,PENDING,Active,BOM - CCU,Air India,91.0,Short,Afternoon,182.0,Long Term,5989.29,False
B1435,P1487,SJ215,2025-09-18 11:37:36.951,CONFIRMED,Active,CCU - DEL,SpiceJet,95.0,Short,Afternoon,213.0,Long Term,8589.93,False
B1436,P1280,AI076,2026-01-05 11:37:36.951,CONFIRMED,Active,BLR - BOM,Air India,35.0,Short,Afternoon,104.0,Long Term,,True
B1437,P1274,SJ012,2025-11-28 11:37:36.951,CANCELLED,Cancelled,HYD - BLR,SpiceJet,71.0,Short,Afternoon,142.0,Long Term,,True
B1438,P1772,AI073,2026-04-01 11:37:36.951,,,BOM - BLR,Air India,122.0,Medium,Afternoon,18.0,Short Term,7670.85,False
B1439,P1842,SJ173,2025-11-09 11:37:36.951,CONFIRMED,Active,CCU - HYD,SpiceJet,102.0,Short,Afternoon,161.0,Long Term,7292.76,False
B1440,P1718,AI193,2026-03-09 11:37:36.951,CANCELLED,Cancelled,MAA - HYD,Air India,274.0,Long,Morning,41.0,Medium Term,,True
B1441,P1895,SJ131,2025-09-22 11:37:36.951,,,MAA - HYD,SpiceJet,67.0,Short,Afternoon,209.0,Long Term,,True
B1442,P1327,AI225,2025-06-02 11:37:36.951,PENDING,Active,BOM - BLR,Air India,56.0,Short,Afternoon,321.0,Long Term,11779.89,False
B1443,P1210,AI190,2025-10-09 11:37:36.951,CANCELLED,Cancelled,BOM - CCU,Air India,198.0,Medium,Morning,192.0,Long Term,,True
B1444,P1726,SJ238,2025-12-25 11:37:36.951,CONFIRMED,Active,MAA - BLR,SpiceJet,238.0,Medium,Morning,115.0,Long Term,,True
B1445,P1922,6F005,2025-12-21 11:37:36.951,PENDING,Active,BOM - MAA,IndiGo,263.0,Long,Morning,119.0,Long Term,9862.4,False
B1446,P1551,UK136,2025-09-25 11:37:36.951,PENDING,Active,HYD - CCU,Vistara,223.0,Medium,Morning,206.0,Long Term,7709.959999999999,False
B1447,P1991,SJ063,2025-05-21 11:37:36.951,CONFIRMED,Active,MAA - BOM,SpiceJet,105.0,Short,Afternoon,333.0,Long Term,18438.66,False
B1448,P1025,6F175,2025-11-21 11:37:36.951,CANCELLED,Cancelled,MAA - CCU,IndiGo,115.0,Short,Afternoon,149.0,Long Term,,True
B1449,P1026,AI037,2025-05-23 11:37:36.951,PENDING,Active,BOM - BLR,Air India,239.0,Medium,Morning,331.0,Long Term,,True
B1450,P1701,UK225,2025-11-11 11:37:36.951,CONFIRMED,Active,MAA - BLR,Vistara,136.0,Medium,Morning,159.0,Long Term,,True
B1451,P1082,AI141,2025-05-20 11:37:36.951,CONFIRMED,Active,BLR - DEL,Air India,277.0,Long,Morning,334.0,Long Term,10311.86,False
B1452,P1895,6F172,2026-01-26 11:37:36.951,PENDING,Active,BOM - BLR,IndiGo,293.0,Long,Morning,83.0,Medium Term,,True
B1453,P1945,6F219,2026-02-07 11:37:36.951,CANCELLED,Cancelled,MAA - DEL,IndiGo,245.0,Long,Morning,71.0,Medium Term,5268.18,False
B1454,P1681,AI045,2025-08-16 11:37:36.951,PENDING,Active,HYD - MAA,Air India,159.0,Medium,Morning,246.0,Long Term,,True
B1455,P1412,AI198,2026-04-12 11:37:36.951,CONFIRMED,Active,CCU - MAA,Air India,203.0,Medium,Morning,7.0,Last Minute,27634.5,False
B1456,P1166,AI120,2025-04-24 11:37:36.951,PENDING,Active,MAA - CCU,Air India,126.0,Medium,Morning,360.0,Long Term,,True
B1457,P1699,6F134,2025-06-11 11:37:36.951,CANCELLED,Cancelled,BLR - MAA,IndiGo,79.0,Short,Morning,312.0,Long Term,5769.17,False
B1458,P1168,UK102,2025-11-19 11:37:36.951,CONFIRMED,Active,HYD - CCU,Vistara,123.0,Medium,Morning,151.0,Long Term,8073.17,False
B1459,P1800,SJ199,2025-06-10 11:37:36.951,CANCELLED,Cancelled,HYD - BOM,SpiceJet,150.0,Medium,Morning,313.0,Long Term,19085.7,False
B1460,P1978,6F235,2025-10-01 11:37:36.951,PENDING,Active,HYD - MAA,IndiGo,165.0,Medium,Morning,200.0,Long Term,,True
B1461,P1228,UK065,2025-10-14 11:37:36.951,PENDING,Active,BOM - CCU,Vistara,248.0,Long,Morning,187.0,Long Term,30261.46,False
B1462,P1978,6F135,2025-12-03 11:37:36.951,CANCELLED,Cancelled,MAA - HYD,IndiGo,46.0,Short,Morning,137.0,Long Term,6497.79,False
B1463,P1608,SJ148,2026-02-10 11:37:36.951,PENDING,Active,DEL - BLR,SpiceJet,230.0,Medium,Morning,68.0,Medium Term,6844.58,False
B1464,P1366,AI083,2026-03-07 11:37:36.951,CANCELLED,Cancelled,DEL - BOM,Air India,43.0,Short,Morning,43.0,Medium Term,4535.96,False
B1465,P1527,UK024,2025-07-02 11:37:36.951,PENDING,Active,MAA - BLR,Vistara,300.0,Long,Morning,291.0,Long Term,,True
B1466,P1790,UK220,2025-04-27 11:37:36.951,CANCELLED,Cancelled,BLR - BOM,Vistara,214.0,Medium,Morning,357.0,Long Term,,True
B1467,P1646,UK115,2025-04-30 11:37:36.951,CANCELLED,Cancelled,BLR - BOM,Vistara,120.0,Short,Morning,354.0,Long Term,13307.54,False
B1468,P1537,AI255,2025-07-16 11:37:36.951,CONFIRMED,Active,MAA - CCU,Air India,267.0,Long,Morning,277.0,Long Term,25336.54,False
B1469,P1863,6F001,2025-12-25 11:37:36.951,CONFIRMED,Active,HYD - BOM,IndiGo,95.0,Short,Morning,115.0,Long Term,,True
B1470,P1523,6F132,2025-05-27 11:37:36.951,CANCELLED,Cancelled,MAA - BOM,IndiGo,60.0,Short,Morning,327.0,Long Term,,True
B1471,P1071,UK184,2026-03-28 11:37:36.951,PENDING,Active,MAA - HYD,Vistara,131.0,Medium,Morning,22.0,Short Term,,True
B1472,P1644,6F098,2025-06-06 11:37:36.951,PENDING,Active,BLR - MAA,IndiGo,151.0,Medium,Morning,317.0,Long Term,,True
B1473,P1105,SJ168,2025-07-19 11:37:36.951,PENDING,Active,CCU - BOM,SpiceJet,252.0,Long,Morning,274.0,Long Term,,True
B1474,P1731,SJ178,2025-07-28 11:37:36.951,CANCELLED,Cancelled,BOM - HYD,SpiceJet,149.0,Medium,Morning,265.0,Long Term,32760.32,False
B1475,P1884,UK111,2026-03-07 11:37:36.951,CANCELLED,Cancelled,MAA - BLR,Vistara,74.0,Short,Morning,43.0,Medium Term,21399.98,False
B1476,P1964,SJ051,2026-02-27 11:37:36.951,CANCELLED,Cancelled,BOM - BLR,SpiceJet,218.0,Medium,Morning,51.0,Medium Term,,True
B1477,P1688,SJ193,2025-07-06 11:37:36.951,CANCELLED,Cancelled,CCU - DEL,SpiceJet,159.0,Medium,Morning,287.0,Long Term,17403.75,False
B1478,P1281,SJ039,2026-02-24 11:37:36.951,CONFIRMED,Active,MAA - BOM,SpiceJet,207.0,Medium,Morning,54.0,Medium Term,2928.68,False
B1479,P1132,UK066,2025-12-17 11:37:36.951,CANCELLED,Cancelled,BOM - CCU,Vistara,98.0,Short,Morning,123.0,Long Term,16478.5,False
B1480,P1533,SJ050,2026-03-14 11:37:36.951,PENDING,Active,HYD - CCU,SpiceJet,39.0,Short,Morning,36.0,Medium Term,3112.82,False
B1481,P1974,6F052,2025-06-11 11:37:36.951,CONFIRMED,Active,BOM - CCU,IndiGo,169.0,Medium,Morning,312.0,Long Term,,True
B1482,P1268,SJ170,2025-08-29 11:37:36.951,PENDING,Active,BLR - BOM,SpiceJet,105.0,Short,Morning,233.0,Long Term,17749.28,False
B1483,P1411,SJ119,2025-06-09 11:37:36.951,,,BOM - CCU,SpiceJet,156.0,Medium,Morning,314.0,Long Term,10562.26,False
B1484,P1672,AI219,2025-05-07 11:37:36.951,CONFIRMED,Active,BLR - DEL,Air India,119.0,Short,Morning,347.0,Long Term,,True
B1485,P1618,6F220,2025-07-05 11:37:36.951,CANCELLED,Cancelled,HYD - BOM,IndiGo,58.0,Short,Morning,288.0,Long Term,,True
B1486,P1790,AI207,2025-05-04 11:37:36.951,CONFIRMED,Active,BOM - MAA,Air India,179.0,Medium,Morning,350.0,Long Term,20297.600000000002,False
B1487,P1864,6F024,2026-01-26 11:37:36.951,PENDING,Active,BOM - DEL,IndiGo,226.0,Medium,Morning,83.0,Medium Term,,True
B1488,P1746,SJ073,2025-05-04 11:37:36.951,CANCELLED,Cancelled,CCU - BLR,SpiceJet,108.0,Short,Morning,350.0,Long Term,22623.03,False
B1489,P1017,SJ201,2025-07-08 11:37:36.951,CANCELLED,Cancelled,BLR - DEL,SpiceJet,122.0,Medium,Morning,285.0,Long Term,,True
B1490,P1753,AI180,2026-03-10 11:37:36.951,CONFIRMED,Active,BOM - CCU,Air India,41.0,Short,Morning,40.0,Medium Term,1217.88,False
B1491,P1116,UK022,2025-07-16 11:37:36.951,CONFIRMED,Active,DEL - HYD,Vistara,277.0,Long,Night,277.0,Long Term,6534.99,False
B1492,P1797,AI202,2026-03-27 11:37:36.951,CANCELLED,Cancelled,HYD - BLR,Air India,129.0,Medium,Morning,23.0,Short Term,,True
B1493,P1793,6F212,2025-06-01 11:37:36.952,CONFIRMED,Active,BLR - CCU,IndiGo,282.0,Long,Night,322.0,Long Term,,True
B1494,P1143,6F163,2025-06-09 11:37:36.952,CANCELLED,Cancelled,MAA - BOM,IndiGo,237.0,Medium,Night,314.0,Long Term,,True
B1495,P1716,UK028,2025-10-15 11:37:36.952,CONFIRMED,Active,HYD - MAA,Vistara,95.0,Short,Morning,186.0,Long Term,17491.120000000003,False
B1496,P1550,6F243,2026-03-21 11:37:36.952,PENDING,Active,BOM - HYD,IndiGo,56.0,Short,Morning,29.0,Short Term,2901.65,False
B1497,P1928,AI165,2025-09-02 11:37:36.952,CONFIRMED,Active,DEL - CCU,Air India,100.0,Short,Morning,229.0,Long Term,,True
B1498,P1665,UK099,2025-07-18 11:37:36.952,PENDING,Active,BOM - MAA,Vistara,248.0,Long,Night,275.0,Long Term,,True
B1499,P1687,AI033,2025-06-17 11:37:36.952,,,MAA - CCU,Air India,296.0,Long,Night,306.0,Long Term,,True
B1500,P1960,UK056,2025-04-30 11:37:36.952,CONFIRMED,Active,HYD - MAA,Vistara,46.0,Short,Morning,354.0,Long Term,1303.07,False
B1501,P1752,SJ122,2025-09-04 11:37:36.952,CANCELLED,Cancelled,CCU - BOM,SpiceJet,287.0,Long,Night,227.0,Long Term,27890.44,False
B1502,P1421,AI086,2025-10-15 11:37:36.952,CONFIRMED,Active,CCU - HYD,Air India,176.0,Medium,Morning,186.0,Long Term,17966.760000000002,False
B1503,P1897,SJ011,2025-10-17 11:37:36.952,CONFIRMED,Active,BOM - MAA,SpiceJet,285.0,Long,Night,184.0,Long Term,,True
B1504,P1368,SJ021,2025-04-21 11:37:36.952,PENDING,Active,HYD - BLR,SpiceJet,238.0,Medium,Night,363.0,Long Term,32259.760000000002,False
B1505,P1645,SJ106,2025-11-29 11:37:36.952,CONFIRMED,Active,CCU - DEL,SpiceJet,144.0,Medium,Morning,141.0,Long Term,7472.98,False
B1506,P1557,SJ026,2026-01-29 11:37:36.952,CANCELLED,Cancelled,CCU - MAA,SpiceJet,258.0,Long,Night,80.0,Medium Term,,True
B1507,P1049,SJ245,2025-11-27 11:37:36.952,PENDING,Active,BOM - DEL,SpiceJet,212.0,Medium,Night,143.0,Long Term,4865.21,False
B1508,P1677,AI023,2025-07-31 11:37:36.952,,,HYD - BLR,Air India,205.0,Medium,Night,262.0,Long Term,14679.26,False
B1509,P1105,AI032,2025-09-25 11:37:36.952,CANCELLED,Cancelled,MAA - BLR,Air India,120.0,Short,Morning,206.0,Long Term,,True
B1510,P1215,AI236,2025-05-11 11:37:36.952,CANCELLED,Cancelled,DEL - BOM,Air India,259.0,Long,Night,343.0,Long Term,3179.45,False
B1511,P1657,6F094,2025-12-24 11:37:36.952,CANCELLED,Cancelled,BLR - BOM,IndiGo,89.0,Short,Morning,116.0,Long Term,12346.57,False
B1512,P1922,UK163,2025-12-21 11:37:36.952,PENDING,Active,DEL - HYD,Vistara,102.0,Short,Morning,119.0,Long Term,5747.83,False
B1513,P1424,UK163,2025-06-30 11:37:36.952,CONFIRMED,Active,DEL - HYD,Vistara,102.0,Short,Morning,293.0,Long Term,22716.67,False
B1514,P1071,SJ045,2025-05-07 11:37:36.952,CANCELLED,Cancelled,DEL - MAA,SpiceJet,287.0,Long,Night,347.0,Long Term,,True
B1515,P1987,SJ006,2025-07-06 11:37:36.952,PENDING,Active,HYD - BLR,SpiceJet,32.0,Short,Morning,287.0,Long Term,,True
B1516,P1841,SJ103,2025-08-05 11:37:36.952,CANCELLED,Cancelled,MAA - BLR,SpiceJet,220.0,Medium,Night,257.0,Long Term,3242.75,False
B1517,P1784,6F221,2026-01-16 11:37:36.952,,,MAA - DEL,IndiGo,212.0,Medium,Night,93.0,Long Term,,True
B1518,P1758,SJ147,2026-03-20 11:37:36.952,,,BLR - CCU,SpiceJet,262.0,Long,Night,30.0,Short Term,,True
B1519,P1445,SJ064,2026-03-25 11:37:36.952,PENDING,Active,CCU - DEL,SpiceJet,134.0,Medium,Night,25.0,Short Term,14857.830000000002,False
B1520,P1924,AI028,2026-04-02 11:37:36.952,CONFIRMED,Active,HYD - BOM,Air India,42.0,Short,Morning,17.0,Short Term,14340.74,False
B1521,P1185,AI148,2025-11-08 11:37:36.952,PENDING,Active,HYD - MAA,Air India,171.0,Medium,Night,162.0,Long Term,10629.67,False
B1522,P1069,6F263,2025-08-31 11:37:36.952,CONFIRMED,Active,DEL - HYD,IndiGo,83.0,Short,Morning,231.0,Long Term,,True
B1523,P1973,SJ067,2025-05-19 11:37:36.952,PENDING,Active,MAA - BLR,SpiceJet,59.0,Short,Morning,335.0,Long Term,10733.84,False
B1524,P1149,6F061,2025-06-17 11:37:36.952,PENDING,Active,MAA - BOM,IndiGo,41.0,Short,Morning,306.0,Long Term,9831.83,False
B1525,P1245,AI254,2025-05-29 11:37:36.952,,,CCU - HYD,Air India,200.0,Medium,Night,325.0,Long Term,7869.06,False
B1526,P1773,SJ136,2025-11-15 11:37:36.952,CONFIRMED,Active,HYD - BLR,SpiceJet,139.0,Medium,Night,155.0,Long Term,12889.82,False
B1527,P1537,AI046,2025-07-09 11:37:36.952,PENDING,Active,DEL - BOM,Air India,171.0,Medium,Night,284.0,Long Term,11891.78,False
B1528,P1934,UK174,2026-03-28 11:37:36.952,PENDING,Active,CCU - DEL,Vistara,140.0,Medium,Night,22.0,Short Term,,True
B1529,P1651,6F066,2025-04-30 11:37:36.952,,,BLR - HYD,IndiGo,96.0,Short,Night,354.0,Long Term,,True
B1530,P1098,UK095,2025-12-08 11:37:36.952,,,BOM - MAA,Vistara,134.0,Medium,Night,132.0,Long Term,29065.67,False
B1531,P1909,6F063,2026-04-01 11:37:36.952,PENDING,Active,DEL - HYD,IndiGo,169.0,Medium,Night,18.0,Short Term,23911.21,False
B1532,P1277,UK118,2025-04-22 11:37:36.952,PENDING,Active,HYD - BLR,Vistara,60.0,Short,Night,362.0,Long Term,24295.6,False
B1533,P1562,UK218,2025-09-15 11:37:36.952,PENDING,Active,MAA - BLR,Vistara,250.0,Long,Night,216.0,Long Term,,True
B1534,P1662,UK031,2025-09-11 11:37:36.952,CONFIRMED,Active,CCU - DEL,Vistara,215.0,Medium,Night,220.0,Long Term,12347.23,False
B1535,P1943,UK142,2026-04-02 11:37:36.952,PENDING,Active,BLR - DEL,Vistara,250.0,Long,Night,17.0,Short Term,19520.85,False
B1536,P1454,AI002,2025-06-01 11:37:36.952,,,HYD - BLR,Air India,120.0,Short,Night,322.0,Long Term,6548.99,False
B1537,P1103,UK070,2025-10-08 11:37:36.952,CONFIRMED,Active,BOM - DEL,Vistara,133.0,Medium,Night,193.0,Long Term,9202.57,False
B1538,P1945,SJ121,2026-03-17 11:37:36.952,PENDING,Active,CCU - DEL,SpiceJet,75.0,Short,Night,33.0,Medium Term,,True
B1539,P1600,UK201,2025-06-11 11:37:36.952,CONFIRMED,Active,HYD - BOM,Vistara,133.0,Medium,Night,312.0,Long Term,17509.78,False
B1540,P1652,AI138,2026-01-15 11:37:36.952,CANCELLED,Cancelled,DEL - CCU,Air India,50.0,Short,Night,94.0,Long Term,3640.69,False
B1541,P1724,SJ014,2025-12-16 11:37:36.952,CONFIRMED,Active,BOM - HYD,SpiceJet,59.0,Short,Night,124.0,Long Term,12031.17,False
B1542,P1232,SJ053,2025-12-13 11:37:36.952,PENDING,Active,CCU - DEL,SpiceJet,98.0,Short,Night,127.0,Long Term,,True
B1543,P1393,SJ241,2025-06-16 11:37:36.952,CANCELLED,Cancelled,DEL - HYD,SpiceJet,159.0,Medium,Night,307.0,Long Term,3207.85,False
B1544,P1500,AI249,2025-09-01 11:37:36.952,CANCELLED,Cancelled,BLR - HYD,Air India,169.0,Medium,Night,230.0,Long Term,12003.060000000001,False
B1545,P1694,AI176,2026-03-08 11:37:36.952,PENDING,Active,BLR - DEL,Air India,125.0,Medium,Night,42.0,Medium Term,17736.33,False
B1546,P1250,SJ234,2026-04-02 11:37:36.952,PENDING,Active,BLR - CCU,SpiceJet,123.0,Medium,Night,17.0,Short Term,,True
B1547,P1520,6F115,2025-04-18 11:37:36.952,PENDING,Active,MAA - BLR,IndiGo,102.0,Short,Night,366.0,Long Term,,True
B1548,P1078,AI020,2025-10-04 11:37:36.952,CONFIRMED,Active,BOM - BLR,Air India,148.0,Medium,Night,197.0,Long Term,,True
B1549,P1051,AI020,2025-12-16 11:37:36.952,CONFIRMED,Active,BOM - BLR,Air India,148.0,Medium,Night,124.0,Long Term,,True
B1550,P1897,6F079,2025-12-06 11:37:36.952,CONFIRMED,Active,MAA - HYD,IndiGo,244.0,Long,Night,134.0,Long Term,,True
B1551,P1920,6F104,2025-11-14 11:37:36.952,,,CCU - BOM,IndiGo,35.0,Short,Night,156.0,Long Term,,True
B1552,P1780,UK046,2026-02-06 11:37:36.952,PENDING,Active,CCU - DEL,Vistara,148.0,Medium,Night,72.0,Medium Term,12589.6,False
B1553,P1225,SJ217,2025-11-15 11:37:36.952,CONFIRMED,Active,BOM - CCU,SpiceJet,187.0,Medium,Night,155.0,Long Term,1883.33,False
B1554,P1050,6F142,2025-08-26 11:37:36.952,CANCELLED,Cancelled,CCU - MAA,IndiGo,239.0,Medium,Night,236.0,Long Term,,True
B1555,P1185,SJ139,2026-04-04 11:37:36.952,CONFIRMED,Active,DEL - BLR,SpiceJet,222.0,Medium,Night,15.0,Short Term,13344.12,False
B1556,P1033,6F059,2026-01-18 11:37:36.952,CANCELLED,Cancelled,BOM - DEL,IndiGo,290.0,Long,Night,91.0,Long Term,,True
B1557,P1802,6F067,2025-08-10 11:37:36.952,PENDING,Active,MAA - BLR,IndiGo,183.0,Medium,Night,252.0,Long Term,17708.739999999998,False
B1558,P1741,AI007,2025-08-07 11:37:36.952,PENDING,Active,MAA - DEL,Air India,120.0,Short,Night,255.0,Long Term,15597.73,False
B1559,P1130,UK202,2026-01-20 11:37:36.952,CONFIRMED,Active,DEL - HYD,Vistara,266.0,Long,Night,89.0,Medium Term,3622.91,False
B1560,P1631,AI200,2026-03-07 11:37:36.952,CONFIRMED,Active,HYD - MAA,Air India,204.0,Medium,Night,43.0,Medium Term,,True
B1561,P1442,UK172,2026-01-27 11:37:36.952,PENDING,Active,DEL - BOM,Vistara,181.0,Medium,Night,82.0,Medium Term,11507.310000000001,False
B1562,P1837,6F214,2025-05-01 11:37:36.952,CONFIRMED,Active,BOM - CCU,IndiGo,239.0,Medium,Night,353.0,Long Term,6572.09,False
B1563,P1758,UK037,2025-09-11 11:37:36.952,PENDING,Active,BLR - BOM,Vistara,242.0,Long,Night,220.0,Long Term,,True
B1564,P1431,AI022,2025-08-14 11:37:36.952,PENDING,Active,BOM - MAA,Air India,115.0,Short,Night,248.0,Long Term,3514.52,False
B1565,P1703,AI243,2026-02-06 11:37:36.952,CANCELLED,Cancelled,BLR - BOM,Air India,139.0,Medium,Night,72.0,Medium Term,7243.49,False
B1566,P1496,SJ174,2025-10-08 11:37:36.952,CONFIRMED,Active,CCU - DEL,SpiceJet,55.0,Short,Night,193.0,Long Term,26394.47,False
B1567,P1402,SJ079,2025-11-13 11:37:36.952,PENDING,Active,HYD - DEL,SpiceJet,184.0,Medium,Night,157.0,Long Term,10982.24,False
B1568,P1322,UK097,2025-12-21 11:37:36.952,CONFIRMED,Active,HYD - BOM,Vistara,251.0,Long,Night,119.0,Long Term,,True
B1569,P1209,AI013,2025-12-26 11:37:36.952,CANCELLED,Cancelled,HYD - BLR,Air India,77.0,Short,Night,114.0,Long Term,,True
B1570,P1614,UK196,2025-11-21 11:37:36.952,CANCELLED,Cancelled,BOM - HYD,Vistara,257.0,Long,Night,149.0,Long Term,15054.77,False
B1571,P1328,SJ213,2025-11-06 11:37:36.952,CONFIRMED,Active,BOM - CCU,SpiceJet,209.0,Medium,Night,164.0,Long Term,,True
B1572,P1371,UK119,2025-05-26 11:37:36.952,CONFIRMED,Active,BOM - CCU,Vistara,257.0,Long,Night,328.0,Long Term,13849.86,False
B1573,P1459,AI043,2026-03-18 11:37:36.952,PENDING,Active,CCU - DEL,Air India,249.0,Long,Night,32.0,Medium Term,7629.97,False
B1574,P1132,AI043,2025-04-29 11:37:36.952,CANCELLED,Cancelled,CCU - DEL,Air India,249.0,Long,Night,355.0,Long Term,13905.05,False
B1575,P1834,AI143,2025-06-16 11:37:36.952,CANCELLED,Cancelled,CCU - DEL,Air India,38.0,Short,Night,307.0,Long Term,12516.91,False
B1576,P1650,SJ032,2025-10-20 11:37:36.952,,,MAA - BOM,SpiceJet,142.0,Medium,Night,181.0,Long Term,,True
B1577,P1120,6F050,2026-01-24 11:37:36.952,CONFIRMED,Active,DEL - BOM,IndiGo,237.0,Medium,Night,85.0,Medium Term,,True
B1578,P1605,AI134,2025-12-25 11:37:36.952,PENDING,Active,HYD - BOM,Air India,235.0,Medium,Night,115.0,Long Term,4097.6900000000005,False
B1579,P1451,6F182,2025-04-24 11:37:36.952,CONFIRMED,Active,BOM - CCU,IndiGo,128.0,Medium,Night,360.0,Long Term,9444.1,False
B1580,P1964,SJ086,2025-10-08 11:37:36.952,CONFIRMED,Active,CCU - DEL,SpiceJet,225.0,Medium,Night,193.0,Long Term,26625.059999999998,False
B1581,P1128,6F170,2025-08-06 11:37:36.952,CONFIRMED,Active,HYD - DEL,IndiGo,90.0,Short,Night,256.0,Long Term,9514.99,False
B1582,P1090,UK168,2025-04-24 11:37:36.952,PENDING,Active,BLR - CCU,Vistara,49.0,Short,Night,360.0,Long Term,13552.0,False
B1583,P1603,SJ072,2026-02-22 11:37:36.952,,,DEL - HYD,SpiceJet,170.0,Medium,Night,56.0,Medium Term,,True
B1584,P1574,UK075,2025-04-28 11:37:36.952,CANCELLED,Cancelled,MAA - CCU,Vistara,279.0,Long,Evening,355.0,Long Term,26466.88,False
B1585,P1028,6F233,2026-01-08 11:37:36.952,CANCELLED,Cancelled,BLR - BOM,IndiGo,237.0,Medium,Evening,100.0,Long Term,23517.699999999997,False
B1586,P1721,SJ143,2025-11-13 11:37:36.952,CANCELLED,Cancelled,DEL - BOM,SpiceJet,57.0,Short,Night,157.0,Long Term,,True
B1587,P1523,SJ246,2025-06-28 11:37:36.952,PENDING,Active,BOM - DEL,SpiceJet,60.0,Short,Night,295.0,Long Term,11740.35,False
B1588,P1332,SJ247,2025-11-04 11:37:36.952,CONFIRMED,Active,DEL - BOM,SpiceJet,245.0,Long,Evening,165.0,Long Term,12810.22,False
B1589,P1296,UK157,2025-08-31 11:37:36.952,PENDING,Active,CCU - BOM,Vistara,60.0,Short,Night,231.0,Long Term,29432.760000000002,False
B1590,P1129,UK069,2026-04-01 11:37:36.952,CONFIRMED,Active,CCU - DEL,Vistara,133.0,Medium,Night,18.0,Short Term,1015.84,False
B1591,P1292,AI106,2025-11-20 11:37:36.952,CANCELLED,Cancelled,HYD - BLR,Air India,73.0,Short,Night,150.0,Long Term,16833.8,False
B1592,P1172,UK085,2025-11-17 11:37:36.952,CONFIRMED,Active,MAA - DEL,Vistara,62.0,Short,Night,153.0,Long Term,,True
B1593,P1719,6F087,2025-09-24 11:37:36.952,,,DEL - HYD,IndiGo,226.0,Medium,Evening,206.0,Long Term,,True
B1594,P1943,AI067,2025-06-01 11:37:36.952,CONFIRMED,Active,HYD - DEL,Air India,213.0,Medium,Evening,321.0,Long Term,1448.88,False
B1595,P1023,6F226,2026-01-07 11:37:36.952,PENDING,Active,DEL - BOM,IndiGo,137.0,Medium,Night,102.0,Long Term,24869.85,False
B1596,P1098,SJ210,2025-12-20 11:37:36.952,CONFIRMED,Active,HYD - CCU,SpiceJet,213.0,Medium,Evening,119.0,Long Term,18020.9,False
B1597,P1405,6F269,2025-10-23 11:37:36.952,CONFIRMED,Active,HYD - MAA,IndiGo,82.0,Short,Night,178.0,Long Term,19192.260000000002,False
B1598,P1355,UK013,2026-01-02 11:37:36.952,CONFIRMED,Active,BOM - MAA,Vistara,180.0,Medium,Evening,106.0,Long Term,15978.23,False
B1599,P1138,UK013,2025-09-30 11:37:36.952,PENDING,Active,BOM - MAA,Vistara,180.0,Medium,Evening,200.0,Long Term,,True
B1600,P1502,UK143,2025-07-20 11:37:36.952,PENDING,Active,BLR - BOM,Vistara,74.0,Short,Night,273.0,Long Term,24083.25,False
B1601,P1825,6F262,2025-09-07 11:37:36.952,PENDING,Active,MAA - DEL,IndiGo,63.0,Short,Night,224.0,Long Term,,True
B1602,P1173,6F042,2025-07-07 11:37:36.952,,,HYD - DEL,IndiGo,246.0,Long,Evening,285.0,Long Term,4028.21,False
B1603,P1028,SJ118,2025-12-06 11:37:36.952,CANCELLED,Cancelled,DEL - BOM,SpiceJet,85.0,Short,Night,134.0,Long Term,,True
B1604,P1930,SJ118,2025-11-17 11:37:36.952,CANCELLED,Cancelled,DEL - BOM,SpiceJet,85.0,Short,Night,153.0,Long Term,,True
B1605,P1495,SJ082,2025-10-03 11:37:36.952,CANCELLED,Cancelled,BOM - DEL,SpiceJet,39.0,Short,Night,198.0,Long Term,,True
B1606,P1654,6F015,2025-07-18 11:37:36.952,CONFIRMED,Active,BOM - CCU,IndiGo,168.0,Medium,Evening,274.0,Long Term,21087.41,False
B1607,P1827,AI101,2026-02-02 11:37:36.952,,,DEL - BLR,Air India,183.0,Medium,Evening,75.0,Medium Term,13086.08,False
B1608,P1350,SJ110,2025-06-28 11:37:36.952,CANCELLED,Cancelled,CCU - DEL,SpiceJet,33.0,Short,Night,295.0,Long Term,,True
B1609,P1553,SJ042,2025-10-21 11:37:36.952,CANCELLED,Cancelled,HYD - CCU,SpiceJet,222.0,Medium,Evening,179.0,Long Term,,True
B1610,P1298,6F145,2025-10-13 11:37:36.952,CONFIRMED,Active,CCU - DEL,IndiGo,76.0,Short,Night,188.0,Long Term,5809.44,False
B1611,P1719,UK029,2026-01-05 11:37:36.952,CANCELLED,Cancelled,DEL - BOM,Vistara,169.0,Medium,Evening,103.0,Long Term,22397.64,False
B1612,P1841,SJ200,2025-04-18 11:37:36.952,CANCELLED,Cancelled,BOM - DEL,SpiceJet,167.0,Medium,Evening,365.0,Long Term,,True
B1613,P1944,SJ209,2026-01-29 11:37:36.952,CONFIRMED,Active,BLR - BOM,SpiceJet,221.0,Medium,Evening,79.0,Medium Term,16309.3,False
B1614,P1191,AI116,2025-05-11 11:37:36.952,,,CCU - BOM,Air India,207.0,Medium,Evening,342.0,Long Term,8965.77,False
B1615,P1671,6F117,2025-05-23 11:37:36.952,CANCELLED,Cancelled,CCU - DEL,IndiGo,65.0,Short,Night,331.0,Long Term,13670.64,False
B1616,P1063,SJ181,2025-12-23 11:37:36.952,PENDING,Active,BOM - BLR,SpiceJet,89.0,Short,Night,117.0,Long Term,,True
B1617,P1754,AI070,2025-05-10 11:37:36.952,,,CCU - DEL,Air India,99.0,Short,Night,344.0,Long Term,12237.51,False
B1618,P1769,AI070,2026-01-19 11:37:36.952,CONFIRMED,Active,CCU - DEL,Air India,99.0,Short,Night,90.0,Medium Term,6904.57,False
B1619,P1663,UK042,2026-02-05 11:37:36.952,PENDING,Active,MAA - BOM,Vistara,279.0,Long,Evening,72.0,Medium Term,33652.61,False
B1620,P1214,AI169,2026-02-24 11:37:36.952,PENDING,Active,CCU - DEL,Air India,253.0,Long,Evening,53.0,Medium Term,33808.97,False
B1621,P1833,6F021,2025-12-21 11:37:36.952,PENDING,Active,BLR - MAA,IndiGo,242.0,Long,Evening,118.0,Long Term,11805.25,False
B1622,P1165,SJ046,2025-06-23 11:37:36.952,PENDING,Active,BOM - MAA,SpiceJet,204.0,Medium,Evening,299.0,Long Term,36638.7,False
B1623,P1542,AI211,2025-08-17 11:37:36.952,CANCELLED,Cancelled,DEL - CCU,Air India,107.0,Short,Evening,244.0,Long Term,37128.79,False
B1624,P1882,SJ091,2025-12-20 11:37:36.952,CANCELLED,Cancelled,BLR - CCU,SpiceJet,97.0,Short,Evening,119.0,Long Term,,True
B1625,P1231,AI123,2026-04-05 11:37:36.952,PENDING,Active,MAA - BOM,Air India,146.0,Medium,Evening,13.0,Short Term,,True
B1626,P1793,6F053,2025-04-17 11:37:36.952,CANCELLED,Cancelled,DEL - HYD,IndiGo,253.0,Long,Evening,366.0,Long Term,7859.04,False
B1627,P1540,UK012,2026-01-09 11:37:36.952,PENDING,Active,MAA - BOM,Vistara,129.0,Medium,Evening,99.0,Long Term,23952.61,False
B1628,P1194,6F023,2025-11-25 11:37:36.952,PENDING,Active,MAA - BLR,IndiGo,236.0,Medium,Evening,144.0,Long Term,1971.53,False
B1629,P1505,AI250,2026-01-02 11:37:36.952,CONFIRMED,Active,BOM - CCU,Air India,204.0,Medium,Evening,106.0,Long Term,,True
B1630,P1333,AI238,2026-04-07 11:37:36.952,PENDING,Active,CCU - MAA,Air India,282.0,Long,Evening,11.0,Short Term,11475.88,False
B1631,P1767,UK096,2026-02-17 11:37:36.952,CANCELLED,Cancelled,BLR - HYD,Vistara,115.0,Short,Evening,60.0,Medium Term,17514.41,False
B1632,P1792,UK126,2026-03-30 11:37:36.952,PENDING,Active,CCU - DEL,Vistara,86.0,Short,Evening,19.0,Short Term,11397.25,False
B1633,P1303,SJ195,2025-08-30 11:37:36.952,CONFIRMED,Active,BOM - CCU,SpiceJet,193.0,Medium,Evening,231.0,Long Term,,True
B1634,P1832,SJ171,2025-12-25 11:37:36.952,CANCELLED,Cancelled,DEL - HYD,SpiceJet,180.0,Medium,Evening,114.0,Long Term,,True
B1635,P1436,AI136,2025-08-14 11:37:36.952,,,BLR - DEL,Air India,199.0,Medium,Evening,247.0,Long Term,,True
B1636,P1322,SJ192,2025-05-27 11:37:36.952,CONFIRMED,Active,HYD - BOM,SpiceJet,300.0,Long,Afternoon,327.0,Long Term,14700.1,False
B1637,P1501,6F035,2025-12-01 11:37:36.952,PENDING,Active,CCU - HYD,IndiGo,264.0,Long,Evening,138.0,Long Term,25470.66,False
B1638,P1857,UK088,2026-02-23 11:37:36.952,CONFIRMED,Active,MAA - BLR,Vistara,260.0,Long,Evening,54.0,Medium Term,,True
B1639,P1913,6F009,2025-09-14 11:37:36.952,CONFIRMED,Active,BLR - CCU,IndiGo,195.0,Medium,Evening,216.0,Long Term,6069.3,False
B1640,P1392,6F004,2026-01-28 11:37:36.952,CANCELLED,Cancelled,BOM - CCU,IndiGo,220.0,Medium,Evening,80.0,Medium Term,,True
B1641,P1805,UK122,2026-03-27 11:37:36.952,,,HYD - CCU,Vistara,180.0,Medium,Evening,22.0,Short Term,14953.42,False
B1642,P1598,AI251,2026-02-15 11:37:36.952,PENDING,Active,MAA - DEL,Air India,44.0,Short,Evening,62.0,Medium Term,6919.99,False
B1643,P1148,AI027,2026-02-04 11:37:36.952,PENDING,Active,BOM - MAA,Air India,222.0,Medium,Evening,73.0,Medium Term,,True
B1644,P1760,SJ165,2025-10-20 11:37:36.952,PENDING,Active,CCU - BOM,SpiceJet,190.0,Medium,Evening,180.0,Long Term,10406.49,False
B1645,P1832,UK081,2025-08-16 11:37:36.952,CONFIRMED,Active,BLR - DEL,Vistara,60.0,Short,Evening,245.0,Long Term,2308.55,False
B1646,P1404,UK191,2025-09-27 11:37:36.952,CANCELLED,Cancelled,MAA - BLR,Vistara,66.0,Short,Evening,203.0,Long Term,22654.88,False
B1647,P1282,SJ188,2025-11-06 11:37:36.952,PENDING,Active,BLR - BOM,SpiceJet,40.0,Short,Evening,163.0,Long Term,17320.63,False
B1648,P1361,6F016,2025-08-09 11:37:36.952,CONFIRMED,Active,HYD - BOM,IndiGo,36.0,Short,Evening,252.0,Long Term,3484.04,False
B1649,P1378,6F064,2026-04-05 11:37:36.952,PENDING,Active,CCU - DEL,IndiGo,65.0,Short,Evening,13.0,Short Term,28108.05,False
B1650,P1197,SJ105,2026-04-03 11:37:36.952,,,BOM - HYD,SpiceJet,206.0,Medium,Evening,15.0,Short Term,,True
B1651,P1555,SJ054,2025-09-09 11:37:36.952,CANCELLED,Cancelled,MAA - BLR,SpiceJet,273.0,Long,Afternoon,221.0,Long Term,6941.55,False
B1652,P1355,6F197,2025-12-19 11:37:36.952,PENDING,Active,BOM - BLR,IndiGo,285.0,Long,Afternoon,120.0,Long Term,21520.53,False
B1653,P1539,AI040,2026-03-26 11:37:36.952,CANCELLED,Cancelled,HYD - BLR,Air India,101.0,Short,Evening,23.0,Short Term,10350.94,False
B1654,P1428,AI131,2025-08-14 11:37:36.952,,,MAA - BOM,Air India,160.0,Medium,Evening,247.0,Long Term,12116.85,False
B1655,P1016,6F141,2025-10-09 11:37:36.952,PENDING,Active,BOM - CCU,IndiGo,122.0,Medium,Evening,191.0,Long Term,,True
B1656,P1638,UK035,2025-05-12 11:37:36.952,CONFIRMED,Active,HYD - BOM,Vistara,76.0,Short,Evening,341.0,Long Term,9174.46,False
B1657,P1378,AI005,2025-08-28 11:37:36.952,CONFIRMED,Active,DEL - CCU,Air India,47.0,Short,Evening,233.0,Long Term,11326.44,False
B1658,P1679,AI001,2025-06-22 11:37:36.952,CONFIRMED,Active,DEL - HYD,Air India,183.0,Medium,Evening,300.0,Long Term,,True
B1659,P1505,UK211,2026-01-17 11:37:36.952,PENDING,Active,MAA - CCU,Vistara,83.0,Short,Evening,91.0,Long Term,,True
B1660,P1755,SJ189,2026-04-04 11:37:36.952,CANCELLED,Cancelled,HYD - BLR,SpiceJet,296.0,Long,Afternoon,14.0,Short Term,5033.75,False
B1661,P1898,UK006,2025-04-21 11:37:36.952,PENDING,Active,MAA - CCU,Vistara,99.0,Short,Evening,362.0,Long Term,20979.510000000002,False
B1662,P1075,6F189,2025-10-13 11:37:36.952,CONFIRMED,Active,MAA - BLR,IndiGo,103.0,Short,Evening,187.0,Long Term,9168.1,False
B1663,P1230,AI133,2025-05-16 11:37:36.952,CANCELLED,Cancelled,DEL - CCU,Air India,140.0,Medium,Evening,337.0,Long Term,66885.47,False
B1664,P1715,SJ216,2025-11-08 11:37:36.952,CONFIRMED,Active,BOM - CCU,SpiceJet,176.0,Medium,Afternoon,161.0,Long Term,,True
B1665,P1961,SJ133,2026-03-04 11:37:36.952,CANCELLED,Cancelled,BOM - CCU,SpiceJet,159.0,Medium,Afternoon,45.0,Medium Term,13434.66,False
B1666,P1247,UK082,2026-03-05 11:37:36.952,PENDING,Active,DEL - BOM,Vistara,271.0,Long,Afternoon,44.0,Medium Term,4184.87,False
B1667,P1301,6F136,2026-02-16 11:37:36.952,CANCELLED,Cancelled,CCU - DEL,IndiGo,37.0,Short,Evening,61.0,Medium Term,,True
B1668,P1725,6F039,2025-04-30 11:37:36.952,PENDING,Active,MAA - CCU,IndiGo,258.0,Long,Afternoon,353.0,Long Term,,True
B1669,P1214,AI011,2025-06-16 11:37:36.952,CONFIRMED,Active,CCU - BOM,Air India,243.0,Long,Afternoon,306.0,Long Term,,True
B1670,P1157,SJ225,2025-05-12 11:37:36.952,CANCELLED,Cancelled,DEL - HYD,SpiceJet,157.0,Medium,Afternoon,341.0,Long Term,,True
B1671,P1068,SJ024,2025-07-08 11:37:36.952,CONFIRMED,Active,DEL - MAA,SpiceJet,232.0,Medium,Afternoon,284.0,Long Term,,True
B1672,P1392,AI109,2025-08-01 11:37:36.952,CANCELLED,Cancelled,BLR - BOM,Air India,261.0,Long,Afternoon,260.0,Long Term,6895.9,False
B1673,P1084,AI147,2025-06-12 11:37:36.952,,,HYD - CCU,Air India,116.0,Short,Afternoon,310.0,Long Term,,True
B1674,P1266,UK057,2025-11-03 11:37:36.952,CANCELLED,Cancelled,CCU - DEL,Vistara,279.0,Long,Afternoon,166.0,Long Term,,True
B1675,P1068,6F111,2025-08-01 11:37:36.952,CANCELLED,Cancelled,HYD - DEL,IndiGo,173.0,Medium,Afternoon,260.0,Long Term,,True
B1676,P1610,AI197,2026-04-14 11:37:36.952,PENDING,Active,BOM - CCU,Air India,215.0,Medium,Afternoon,4.0,Last Minute,26552.82,False
B1677,P1346,UK127,2026-01-31 11:37:36.952,PENDING,Active,BOM - HYD,Vistara,244.0,Long,Afternoon,77.0,Medium Term,19599.18,False
B1678,P1961,6F240,2025-12-31 11:37:36.952,PENDING,Active,DEL - HYD,IndiGo,265.0,Long,Afternoon,108.0,Long Term,3831.88,False
B1679,P1727,6F257,2025-08-17 11:37:36.952,CANCELLED,Cancelled,MAA - CCU,IndiGo,231.0,Medium,Afternoon,244.0,Long Term,,True
B1680,P1926,AI253,2026-03-19 11:37:36.952,,,BLR - BOM,Air India,218.0,Medium,Afternoon,30.0,Short Term,,True
B1681,P1672,SJ135,2026-04-02 11:37:36.952,CANCELLED,Cancelled,MAA - CCU,SpiceJet,225.0,Medium,Afternoon,16.0,Short Term,26057.93,False
B1682,P1422,UK112,2025-07-10 11:37:36.952,CANCELLED,Cancelled,CCU - DEL,Vistara,162.0,Medium,Afternoon,282.0,Long Term,2916.86,False
B1683,P1605,AI050,2025-08-07 11:37:36.952,CONFIRMED,Active,BLR - BOM,Air India,155.0,Medium,Afternoon,254.0,Long Term,19349.760000000002,False
B1684,P1173,UK060,2025-11-18 11:37:36.952,PENDING,Active,BLR - CCU,Vistara,213.0,Medium,Afternoon,151.0,Long Term,,True
B1685,P1676,SJ183,2025-05-15 11:37:36.952,CANCELLED,Cancelled,CCU - DEL,SpiceJet,116.0,Short,Afternoon,338.0,Long Term,12700.44,False
B1686,P1114,UK138,2025-11-17 11:37:36.952,CONFIRMED,Active,DEL - BLR,Vistara,169.0,Medium,Afternoon,152.0,Long Term,1293.05,False
B1687,P1219,SJ071,2025-10-12 11:37:36.952,PENDING,Active,CCU - MAA,SpiceJet,109.0,Short,Afternoon,188.0,Long Term,,True
B1688,P1955,AI057,2025-06-14 11:37:36.952,PENDING,Active,BOM - CCU,Air India,209.0,Medium,Afternoon,308.0,Long Term,10945.95,False
B1689,P1030,SJ151,2025-07-10 11:37:36.952,CANCELLED,Cancelled,BOM - CCU,SpiceJet,92.0,Short,Afternoon,282.0,Long Term,8030.27,False
B1690,P1522,SJ144,2025-06-28 11:37:36.952,PENDING,Active,BLR - BOM,SpiceJet,217.0,Medium,Afternoon,294.0,Long Term,7675.73,False
B1691,P1342,SJ087,2026-01-23 11:37:36.952,PENDING,Active,BOM - DEL,SpiceJet,289.0,Long,Afternoon,85.0,Medium Term,10442.06,False
B1692,P1376,SJ066,2026-04-02 11:37:36.952,CONFIRMED,Active,HYD - CCU,SpiceJet,76.0,Short,Afternoon,16.0,Short Term,,True
B1693,P1129,AI247,2026-01-02 11:37:36.952,CONFIRMED,Active,BOM - CCU,Air India,184.0,Medium,Afternoon,106.0,Long Term,,True
B1694,P1999,SJ102,2026-04-01 11:37:36.952,PENDING,Active,MAA - CCU,SpiceJet,92.0,Short,Afternoon,17.0,Short Term,7153.610000000001,False
B1695,P1616,6F252,2026-04-13 11:37:36.952,CONFIRMED,Active,MAA - BLR,IndiGo,267.0,Long,Afternoon,5.0,Last Minute,5969.93,False
B1696,P1538,6F055,2025-11-28 11:37:36.952,PENDING,Active,DEL - CCU,IndiGo,148.0,Medium,Afternoon,141.0,Long Term,,True
B1697,P1738,AI204,2025-11-12 11:37:36.952,CANCELLED,Cancelled,CCU - MAA,Air India,298.0,Long,Afternoon,157.0,Long Term,,True
B1698,P1001,AI016,2026-02-02 11:37:36.952,CONFIRMED,Active,BOM - CCU,Air India,263.0,Long,Afternoon,75.0,Medium Term,8023.98,False
B1699,P1870,AI209,2025-12-11 11:37:36.952,PENDING,Active,BLR - CCU,Air India,72.0,Short,Afternoon,128.0,Long Term,23144.93,False
B1700,P1100,SJ211,2026-01-04 11:37:36.952,PENDING,Active,MAA - BOM,SpiceJet,132.0,Medium,Afternoon,104.0,Long Term,6028.27,False
B1701,P1532,6F103,2025-10-16 11:37:36.952,CONFIRMED,Active,CCU - MAA,IndiGo,175.0,Medium,Afternoon,184.0,Long Term,,True
B1702,P1057,UK182,2025-04-22 11:37:36.952,CONFIRMED,Active,HYD - CCU,Vistara,246.0,Long,Afternoon,361.0,Long Term,13329.36,False
B1703,P1388,6F264,2025-12-25 11:37:36.952,CANCELLED,Cancelled,DEL - HYD,IndiGo,260.0,Long,Afternoon,114.0,Long Term,11995.2,False
B1704,P1691,6F027,2025-07-23 11:37:36.952,PENDING,Active,BLR - DEL,IndiGo,89.0,Short,Afternoon,269.0,Long Term,13993.49,False
B1705,P1940,UK198,2026-01-31 11:37:36.952,CANCELLED,Cancelled,DEL - BLR,Vistara,95.0,Short,Afternoon,77.0,Medium Term,20858.789999999997,False
B1706,P1340,6F171,2025-09-07 11:37:36.952,CANCELLED,Cancelled,DEL - BLR,IndiGo,69.0,Short,Afternoon,223.0,Long Term,,True
B1707,P1860,AI004,2025-07-05 11:37:36.952,CANCELLED,Cancelled,HYD - MAA,Air India,254.0,Long,Afternoon,287.0,Long Term,,True
B1708,P1019,6F157,2025-11-22 11:37:36.952,CONFIRMED,Active,MAA - CCU,IndiGo,87.0,Short,Afternoon,147.0,Long Term,,True
B1709,P1254,AI018,2025-10-03 11:37:36.952,CANCELLED,Cancelled,BOM - CCU,Air India,292.0,Long,Afternoon,197.0,Long Term,,True
B1710,P1316,UK098,2025-08-05 11:37:36.952,CONFIRMED,Active,CCU - DEL,Vistara,256.0,Long,Afternoon,256.0,Long Term,12059.65,False
B1711,P1037,6F167,2026-01-29 11:37:36.952,,,BLR - BOM,IndiGo,84.0,Short,Afternoon,79.0,Medium Term,,True
B1712,P1659,AI228,2025-09-06 11:37:36.952,CANCELLED,Cancelled,BLR - BOM,Air India,268.0,Long,Afternoon,224.0,Long Term,,True
B1713,P1536,SJ242,2025-08-31 11:37:36.952,CANCELLED,Cancelled,BLR - HYD,SpiceJet,167.0,Medium,Afternoon,230.0,Long Term,,True
B1714,P1385,6F227,2025-12-11 11:37:36.952,PENDING,Active,MAA - BOM,IndiGo,265.0,Long,Afternoon,128.0,Long Term,5064.12,False
B1715,P1632,6F037,2025-08-27 11:37:36.952,CANCELLED,Cancelled,BOM - MAA,IndiGo,152.0,Medium,Afternoon,234.0,Long Term,,True
B1716,P1927,6F107,2025-12-22 11:37:36.952,PENDING,Active,CCU - BLR,IndiGo,180.0,Medium,Afternoon,117.0,Long Term,,True
B1717,P1025,SJ125,2025-11-06 11:37:36.952,CANCELLED,Cancelled,DEL - BLR,SpiceJet,154.0,Medium,Afternoon,163.0,Long Term,2408.2200000000003,False
B1718,P1453,UK117,2025-06-17 11:37:36.952,CANCELLED,Cancelled,BLR - BOM,Vistara,217.0,Medium,Afternoon,305.0,Long Term,18312.78,False
B1719,P1680,6F192,2025-11-12 11:37:36.952,CANCELLED,Cancelled,CCU - BLR,IndiGo,265.0,Long,Morning,157.0,Long Term,5781.1,False
B1720,P1322,AI201,2025-11-27 11:37:36.952,CANCELLED,Cancelled,BLR - CCU,Air India,81.0,Short,Afternoon,142.0,Long Term,5194.3,False
B1721,P1736,SJ126,2026-03-25 11:37:36.952,PENDING,Active,DEL - BLR,SpiceJet,164.0,Medium,Afternoon,24.0,Short Term,,True
B1722,P1512,AI177,2026-02-10 11:37:36.952,PENDING,Active,CCU - HYD,Air India,135.0,Medium,Afternoon,67.0,Medium Term,,True
B1723,P1818,AI092,2025-12-23 11:37:36.952,CANCELLED,Cancelled,CCU - BOM,Air India,164.0,Medium,Afternoon,116.0,Long Term,,True
B1724,P1772,6F076,2025-10-10 11:37:36.952,CANCELLED,Cancelled,CCU - HYD,IndiGo,45.0,Short,Afternoon,190.0,Long Term,10484.53,False
B1725,P1012,AI185,2025-04-29 11:37:36.952,PENDING,Active,CCU - BOM,Air India,242.0,Long,Morning,354.0,Long Term,,True
B1726,P1914,AI055,2025-05-14 11:37:36.952,CONFIRMED,Active,CCU - BOM,Air India,99.0,Short,Afternoon,339.0,Long Term,10313.45,False
B1727,P1907,6F222,2026-03-15 11:37:36.952,CONFIRMED,Active,HYD - MAA,IndiGo,130.0,Medium,Afternoon,34.0,Medium Term,,True
B1728,P1559,AI090,2025-12-12 11:37:36.952,CONFIRMED,Active,MAA - CCU,Air India,154.0,Medium,Afternoon,127.0,Long Term,7592.89,False
B1729,P1920,AI183,2025-06-03 11:37:36.952,PENDING,Active,DEL - CCU,Air India,102.0,Short,Afternoon,319.0,Long Term,2726.28,False
B1730,P1824,AI041,2025-04-29 11:37:36.952,PENDING,Active,BOM - BLR,Air India,111.0,Short,Afternoon,354.0,Long Term,,True
B1731,P1370,6F210,2025-07-12 11:37:36.952,CONFIRMED,Active,HYD - DEL,IndiGo,247.0,Long,Morning,280.0,Long Term,1355.89,False
B1732,P1290,AI170,2026-01-15 11:37:36.952,CONFIRMED,Active,HYD - DEL,Air India,263.0,Long,Morning,93.0,Long Term,7405.96,False
B1733,P1331,SJ008,2026-04-16 11:37:36.952,CANCELLED,Cancelled,HYD - BLR,SpiceJet,295.0,Long,Morning,2.0,Last Minute,10832.74,False
B1734,P1605,AI049,2025-09-29 11:37:36.952,PENDING,Active,CCU - MAA,Air India,133.0,Medium,Afternoon,201.0,Long Term,2972.66,False
B1735,P1260,SJ132,2025-05-12 11:37:36.952,PENDING,Active,MAA - DEL,SpiceJet,52.0,Short,Afternoon,341.0,Long Term,10012.48,False
B1736,P1993,SJ224,2026-01-26 11:37:36.952,CONFIRMED,Active,DEL - MAA,SpiceJet,172.0,Medium,Morning,82.0,Medium Term,8590.58,False
B1737,P1789,UK038,2025-06-11 11:37:36.952,CONFIRMED,Active,MAA - CCU,Vistara,189.0,Medium,Morning,311.0,Long Term,12049.41,False
B1738,P1870,SJ220,2025-08-14 11:37:36.952,PENDING,Active,BOM - CCU,SpiceJet,96.0,Short,Afternoon,247.0,Long Term,26003.14,False
B1739,P1204,6F124,2025-06-29 11:37:36.952,CANCELLED,Cancelled,BLR - BOM,IndiGo,274.0,Long,Morning,293.0,Long Term,8263.32,False
B1740,P1696,SJ164,2025-11-16 11:37:36.952,CONFIRMED,Active,CCU - MAA,SpiceJet,120.0,Short,Afternoon,153.0,Long Term,,True
B1741,P1686,AI026,2025-05-18 11:37:36.952,PENDING,Active,DEL - BOM,Air India,59.0,Short,Afternoon,335.0,Long Term,4483.43,False
B1742,P1949,6F144,2025-09-14 11:37:36.952,PENDING,Active,HYD - BOM,IndiGo,195.0,Medium,Morning,216.0,Long Term,,True
B1743,P1386,6F137,2025-11-21 11:37:36.952,,,CCU - DEL,IndiGo,256.0,Long,Morning,148.0,Long Term,4062.36,False
B1744,P1891,UK139,2025-09-05 11:37:36.952,CANCELLED,Cancelled,BLR - MAA,Vistara,217.0,Medium,Morning,225.0,Long Term,9225.17,False
B1745,P1820,UK139,2025-05-20 11:37:36.952,CONFIRMED,Active,BLR - MAA,Vistara,217.0,Medium,Morning,333.0,Long Term,10889.16,False
B1746,P1467,SJ140,2025-08-31 11:37:36.952,CONFIRMED,Active,HYD - DEL,SpiceJet,228.0,Medium,Morning,230.0,Long Term,,True
B1747,P1414,6F131,2025-04-20 11:37:36.952,CONFIRMED,Active,BLR - HYD,IndiGo,238.0,Medium,Morning,363.0,Long Term,,True
B1748,P1068,UK128,2025-11-15 11:37:36.952,PENDING,Active,BOM - CCU,Vistara,169.0,Medium,Morning,154.0,Long Term,13170.94,False
B1749,P1471,SJ219,2026-02-19 11:37:36.952,CONFIRMED,Active,BOM - DEL,SpiceJet,277.0,Long,Morning,58.0,Medium Term,,True
B1750,P1103,SJ159,2025-09-21 11:37:36.952,PENDING,Active,CCU - DEL,SpiceJet,103.0,Short,Morning,209.0,Long Term,,True
B1751,P1757,UK192,2025-09-19 11:37:36.952,CONFIRMED,Active,HYD - DEL,Vistara,60.0,Short,Morning,211.0,Long Term,14391.99,False
B1752,P1160,AI014,2025-08-13 11:37:36.952,CANCELLED,Cancelled,HYD - MAA,Air India,207.0,Medium,Morning,248.0,Long Term,,True
B1753,P1199,SJ152,2025-08-08 11:37:36.952,CANCELLED,Cancelled,BOM - DEL,SpiceJet,101.0,Short,Morning,253.0,Long Term,4016.57,False
B1754,P1215,SJ060,2026-02-11 11:37:36.952,PENDING,Active,HYD - CCU,SpiceJet,295.0,Long,Morning,66.0,Medium Term,12013.34,False
B1755,P1945,AI127,2026-02-17 11:37:36.952,CANCELLED,Cancelled,DEL - HYD,Air India,188.0,Medium,Morning,60.0,Medium Term,4760.39,False
B1756,P1211,SJ096,2026-01-27 11:37:36.952,PENDING,Active,DEL - HYD,SpiceJet,196.0,Medium,Morning,81.0,Medium Term,,True
B1757,P1507,AI215,2025-04-24 11:37:36.952,PENDING,Active,BLR - DEL,Air India,96.0,Short,Morning,359.0,Long Term,1608.39,False
B1758,P1015,UK009,2026-02-28 11:37:36.952,CANCELLED,Cancelled,BOM - DEL,Vistara,127.0,Medium,Morning,49.0,Medium Term,8260.94,False
B1759,P1497,AI171,2025-10-26 11:37:36.952,PENDING,Active,MAA - BLR,Air India,163.0,Medium,Morning,174.0,Long Term,10926.0,False
B1760,P1883,UK151,2026-01-14 11:37:36.952,CANCELLED,Cancelled,BOM - CCU,Vistara,199.0,Medium,Morning,94.0,Long Term,12133.03,False
B1761,P1331,AI099,2025-05-22 11:37:36.952,CONFIRMED,Active,BLR - BOM,Air India,142.0,Medium,Morning,331.0,Long Term,35672.39,False
B1762,P1716,UK050,2025-06-04 11:37:36.952,CONFIRMED,Active,BOM - DEL,Vistara,39.0,Short,Morning,318.0,Long Term,13897.13,False
B1763,P1876,UK092,2025-10-06 11:37:36.952,CANCELLED,Cancelled,MAA - BLR,Vistara,95.0,Short,Morning,194.0,Long Term,,True
B1764,P1550,SJ058,2025-06-20 11:37:36.952,CANCELLED,Cancelled,DEL - HYD,SpiceJet,256.0,Long,Morning,302.0,Long Term,10528.45,False
B1765,P1600,SJ090,2025-12-21 11:37:36.952,CANCELLED,Cancelled,HYD - MAA,SpiceJet,167.0,Medium,Morning,118.0,Long Term,23925.48,False
B1766,P1941,6F173,2025-09-07 11:37:36.952,CANCELLED,Cancelled,BOM - CCU,IndiGo,49.0,Short,Morning,223.0,Long Term,,True
B1767,P1255,AI186,2025-11-19 11:37:36.952,CONFIRMED,Active,DEL - BOM,Air India,114.0,Short,Morning,150.0,Long Term,10462.21,False
B1768,P1991,AI130,2026-03-23 11:37:36.952,PENDING,Active,BOM - BLR,Air India,161.0,Medium,Morning,26.0,Short Term,2835.7,False
B1769,P1765,SJ111,2025-11-23 11:37:36.952,,,DEL - MAA,SpiceJet,72.0,Short,Morning,146.0,Long Term,2465.29,False
B1770,P1727,6F203,2025-08-04 11:37:36.952,CONFIRMED,Active,BLR - HYD,IndiGo,111.0,Short,Morning,257.0,Long Term,,True
B1771,P1879,6F138,2025-05-24 11:37:36.952,PENDING,Active,HYD - BLR,IndiGo,184.0,Medium,Morning,329.0,Long Term,6761.89,False
B1772,P1814,6F109,2025-08-29 11:37:36.952,,,BLR - BOM,IndiGo,51.0,Short,Morning,232.0,Long Term,,True
B1773,P1171,AI074,2026-01-01 11:37:36.952,PENDING,Active,CCU - BOM,Air India,47.0,Short,Morning,107.0,Long Term,11699.42,False
B1774,P1648,UK161,2026-01-07 11:37:36.952,CANCELLED,Cancelled,BLR - BOM,Vistara,163.0,Medium,Morning,101.0,Long Term,,True
B1775,P1999,AI008,2025-06-19 11:37:36.952,CANCELLED,Cancelled,BOM - CCU,Air India,120.0,Short,Morning,303.0,Long Term,13185.54,False
B1776,P1497,UK121,2025-12-27 11:37:36.952,CANCELLED,Cancelled,BLR - BOM,Vistara,240.0,Medium,Morning,112.0,Long Term,16692.14,False
B1777,P1470,6F154,2025-04-26 11:37:36.952,CONFIRMED,Active,CCU - DEL,IndiGo,57.0,Short,Morning,357.0,Long Term,9927.3,False
B1778,P1383,6F161,2025-08-01 11:37:36.952,CONFIRMED,Active,MAA - DEL,IndiGo,57.0,Short,Morning,260.0,Long Term,,True
B1779,P1689,6F153,2026-02-01 11:37:36.952,PENDING,Active,CCU - BLR,IndiGo,237.0,Medium,Morning,76.0,Medium Term,8876.97,False
B1780,P1588,6F225,2026-02-10 11:37:36.952,PENDING,Active,HYD - CCU,IndiGo,279.0,Long,Morning,67.0,Medium Term,,True
B1781,P1699,AI191,2026-02-09 11:37:36.952,PENDING,Active,BLR - MAA,Air India,241.0,Long,Morning,68.0,Medium Term,,True
B1782,P1506,AI218,2025-08-18 11:37:36.952,CONFIRMED,Active,BOM - CCU,Air India,180.0,Medium,Morning,243.0,Long Term,4755.95,False
B1783,P1991,6F267,2025-09-28 11:37:36.952,PENDING,Active,DEL - MAA,IndiGo,233.0,Medium,Morning,202.0,Long Term,8201.65,False
B1784,P1526,UK125,2025-08-20 11:37:36.952,CANCELLED,Cancelled,HYD - BOM,Vistara,286.0,Long,Night,241.0,Long Term,1577.5,False
B1785,P1803,6F208,2025-08-19 11:37:36.952,PENDING,Active,CCU - BOM,IndiGo,187.0,Medium,Morning,242.0,Long Term,2489.15,False
B1786,P1830,6F119,2026-02-12 11:37:36.952,CANCELLED,Cancelled,DEL - BOM,IndiGo,134.0,Medium,Morning,65.0,Medium Term,14801.3,False
B1787,P1324,AI063,2025-07-11 11:37:36.952,CONFIRMED,Active,HYD - BLR,Air India,263.0,Long,Morning,281.0,Long Term,13330.68,False
B1788,P1213,UK016,2025-06-05 11:37:36.952,CANCELLED,Cancelled,DEL - CCU,Vistara,40.0,Short,Morning,317.0,Long Term,,True
B1789,P1207,6F048,2026-01-13 11:37:36.952,CANCELLED,Cancelled,HYD - DEL,IndiGo,51.0,Short,Morning,95.0,Long Term,11758.27,False
B1790,P1168,6F266,2025-04-23 11:37:36.952,CANCELLED,Cancelled,CCU - MAA,IndiGo,88.0,Short,Morning,360.0,Long Term,4971.8,False
B1791,P1329,AI167,2026-02-24 11:37:36.952,CONFIRMED,Active,BLR - DEL,Air India,267.0,Long,Night,53.0,Medium Term,,True
B1792,P1279,6F165,2026-01-17 11:37:36.952,CONFIRMED,Active,BLR - BOM,IndiGo,58.0,Short,Morning,91.0,Long Term,,True
B1793,P1977,SJ104,2025-11-25 11:37:36.952,CONFIRMED,Active,HYD - DEL,SpiceJet,60.0,Short,Morning,144.0,Long Term,12515.25,False
B1794,P1304,UK160,2025-06-26 11:37:36.952,CONFIRMED,Active,BLR - BOM,Vistara,256.0,Long,Night,296.0,Long Term,,True
B1795,P1145,UK160,2026-03-21 11:37:36.952,PENDING,Active,BLR - BOM,Vistara,256.0,Long,Night,28.0,Short Term,11714.65,False
B1796,P1774,SJ230,2025-11-28 11:37:36.952,CONFIRMED,Active,BOM - CCU,SpiceJet,275.0,Long,Night,141.0,Long Term,,True
B1797,P1515,AI042,2025-06-03 11:37:36.952,CANCELLED,Cancelled,CCU - DEL,Air India,64.0,Short,Morning,319.0,Long Term,,True
B1798,P1089,UK197,2025-05-16 11:37:36.952,CONFIRMED,Active,BLR - HYD,Vistara,92.0,Short,Morning,337.0,Long Term,14793.78,False
B1799,P1452,AI107,2026-02-05 11:37:36.952,PENDING,Active,HYD - CCU,Air India,46.0,Short,Morning,72.0,Medium Term,,True
B1800,P1059,SJ128,2025-08-22 11:37:36.952,PENDING,Active,CCU - BLR,SpiceJet,183.0,Medium,Morning,239.0,Long Term,4478.56,False
B1801,P1310,6F121,2026-04-14 11:37:36.952,PENDING,Active,HYD - MAA,IndiGo,298.0,Long,Night,4.0,Last Minute,,True
B1802,P1527,AI111,2025-06-30 11:37:36.952,,,MAA - CCU,Air India,179.0,Medium,Morning,292.0,Long Term,2072.55,False
B1803,P1226,SJ137,2026-02-21 11:37:36.952,CONFIRMED,Active,CCU - DEL,SpiceJet,246.0,Long,Night,56.0,Medium Term,5663.2,False
B1804,P1473,AI232,2025-11-12 11:37:36.952,CONFIRMED,Active,DEL - BLR,Air India,210.0,Medium,Night,157.0,Long Term,9496.04,False
B1805,P1977,SJ113,2025-10-26 11:37:36.952,CONFIRMED,Active,BLR - BOM,SpiceJet,120.0,Short,Morning,174.0,Long Term,,True
B1806,P1540,AI117,2025-08-02 11:37:36.952,CANCELLED,Cancelled,HYD - BLR,Air India,111.0,Short,Morning,259.0,Long Term,14488.78,False
B1807,P1662,6F185,2025-06-28 11:37:36.952,CANCELLED,Cancelled,CCU - DEL,IndiGo,139.0,Medium,Morning,294.0,Long Term,1759.8,False
B1808,P1756,AI194,2026-01-26 11:37:36.952,PENDING,Active,MAA - BLR,Air India,269.0,Long,Night,82.0,Medium Term,,True
B1809,P1781,UK045,2026-04-09 11:37:36.952,PENDING,Active,MAA - HYD,Vistara,105.0,Short,Morning,9.0,Short Term,2114.98,False
B1810,P1078,6F228,2026-03-20 11:37:36.952,CONFIRMED,Active,HYD - MAA,IndiGo,291.0,Long,Night,29.0,Short Term,,True
B1811,P1432,SJ190,2026-04-04 11:37:36.952,CANCELLED,Cancelled,BOM - CCU,SpiceJet,268.0,Long,Night,14.0,Short Term,9625.29,False
B1812,P1800,AI156,2026-01-06 11:37:36.952,CANCELLED,Cancelled,CCU - BOM,Air India,103.0,Short,Morning,102.0,Long Term,1736.99,False
B1813,P1152,AI104,2025-04-21 11:37:36.952,,,MAA - HYD,Air India,105.0,Short,Morning,362.0,Long Term,,True
B1814,P1788,UK033,2025-06-22 11:37:36.952,CONFIRMED,Active,HYD - DEL,Vistara,284.0,Long,Night,300.0,Long Term,9940.19,False
B1815,P1400,UK137,2025-05-01 11:37:36.952,PENDING,Active,BOM - MAA,Vistara,130.0,Medium,Morning,352.0,Long Term,6355.84,False
B1816,P1278,UK214,2025-06-21 11:37:36.952,PENDING,Active,HYD - DEL,Vistara,220.0,Medium,Night,301.0,Long Term,4762.94,False
B1817,P1056,6F033,2025-06-07 11:37:36.952,PENDING,Active,DEL - HYD,IndiGo,120.0,Short,Morning,315.0,Long Term,19018.62,False
B1818,P1976,AI114,2025-11-07 11:37:36.952,CONFIRMED,Active,CCU - DEL,Air India,75.0,Short,Morning,162.0,Long Term,4317.72,False
B1819,P1185,AI017,2026-01-19 11:37:36.952,CONFIRMED,Active,CCU - BOM,Air India,213.0,Medium,Night,89.0,Medium Term,,True
B1820,P1397,6F244,2025-12-01 11:37:36.952,PENDING,Active,MAA - CCU,IndiGo,84.0,Short,Morning,138.0,Long Term,22474.87,False
B1821,P1604,6F160,2025-11-27 11:37:36.952,PENDING,Active,MAA - BLR,IndiGo,257.0,Long,Night,142.0,Long Term,5390.05,False
B1822,P1787,6F088,2026-01-05 11:37:36.952,CANCELLED,Cancelled,CCU - BLR,IndiGo,151.0,Medium,Night,103.0,Long Term,7545.61,False
B1823,P1157,6F155,2025-11-26 11:37:36.952,CANCELLED,Cancelled,DEL - BLR,IndiGo,33.0,Short,Morning,143.0,Long Term,7854.23,False
B1824,P1786,AI095,2026-04-15 11:37:36.952,PENDING,Active,DEL - MAA,Air India,198.0,Medium,Night,3.0,Last Minute,10599.9,False
B1825,P1692,6F139,2025-05-17 11:37:36.952,PENDING,Active,HYD - MAA,IndiGo,202.0,Medium,Night,336.0,Long Term,5950.28,False
B1826,P1358,6F101,2025-07-11 11:37:36.952,CANCELLED,Cancelled,BOM - MAA,IndiGo,297.0,Long,Night,281.0,Long Term,5128.12,False
B1827,P1439,AI054,2025-06-23 11:37:36.952,PENDING,Active,HYD - CCU,Air India,266.0,Long,Night,299.0,Long Term,26463.98,False
B1828,P1588,SJ094,2025-05-18 11:37:36.952,CANCELLED,Cancelled,MAA - HYD,SpiceJet,284.0,Long,Night,335.0,Long Term,9418.44,False
B1829,P1465,6F217,2026-01-15 11:37:36.952,CANCELLED,Cancelled,BLR - BOM,IndiGo,168.0,Medium,Night,93.0,Long Term,4847.06,False
B1830,P1662,6F100,2026-04-15 11:37:36.952,CANCELLED,Cancelled,BOM - BLR,IndiGo,189.0,Medium,Night,3.0,Last Minute,12651.33,False
B1831,P1445,6F081,2026-02-05 11:37:36.952,CONFIRMED,Active,MAA - BLR,IndiGo,99.0,Short,Night,72.0,Medium Term,25995.510000000002,False
B1832,P1749,SJ156,2025-06-17 11:37:36.952,CONFIRMED,Active,BOM - DEL,SpiceJet,35.0,Short,Night,305.0,Long Term,11197.41,False
B1833,P1800,6F060,2025-06-07 11:37:36.952,PENDING,Active,DEL - BLR,IndiGo,120.0,Short,Night,315.0,Long Term,5872.19,False
B1834,P1742,UK129,2025-08-14 11:37:36.952,CANCELLED,Cancelled,HYD - MAA,Vistara,60.0,Short,Night,247.0,Long Term,7570.53,False
B1835,P1487,UK032,2026-02-07 11:37:36.952,CONFIRMED,Active,BLR - BOM,Vistara,237.0,Medium,Night,70.0,Medium Term,,True
B1836,P1529,AI166,2025-09-23 11:37:36.952,PENDING,Active,BOM - CCU,Air India,183.0,Medium,Night,207.0,Long Term,,True
B1837,P1072,SJ056,2025-10-31 11:37:36.952,PENDING,Active,HYD - DEL,SpiceJet,59.0,Short,Night,169.0,Long Term,39342.91,False
B1838,P1928,SJ101,2025-06-12 11:37:36.952,PENDING,Active,CCU - DEL,SpiceJet,100.0,Short,Night,310.0,Long Term,,True
B1839,P1927,SJ065,2025-05-09 11:37:36.952,PENDING,Active,MAA - BLR,SpiceJet,164.0,Medium,Night,344.0,Long Term,16796.17,False
B1840,P1700,SJ100,2025-04-19 11:37:36.952,PENDING,Active,MAA - BLR,SpiceJet,202.0,Medium,Night,364.0,Long Term,7085.2,False
B1841,P1949,UK011,2025-10-24 11:37:36.952,CANCELLED,Cancelled,CCU - DEL,Vistara,104.0,Short,Night,176.0,Long Term,,True
B1842,P1016,6F062,2026-02-17 11:37:36.952,PENDING,Active,CCU - DEL,IndiGo,87.0,Short,Night,60.0,Medium Term,9813.82,False
B1843,P1530,SJ176,2025-08-15 11:37:36.952,CANCELLED,Cancelled,DEL - BOM,SpiceJet,122.0,Medium,Night,246.0,Long Term,5648.049999999999,False
B1844,P1730,6F120,2025-11-26 11:37:36.952,CONFIRMED,Active,BLR - BOM,IndiGo,60.0,Short,Night,143.0,Long Term,7078.61,False
B1845,P1325,AI121,2026-03-05 11:37:36.952,PENDING,Active,HYD - MAA,Air India,209.0,Medium,Night,44.0,Medium Term,3147.85,False
B1846,P1994,UK072,2025-08-30 11:37:36.952,CONFIRMED,Active,BOM - BLR,Vistara,180.0,Medium,Night,231.0,Long Term,8100.01,False
B1847,P1631,AI006,2026-04-06 11:37:36.952,CANCELLED,Cancelled,BOM - BLR,Air India,170.0,Medium,Night,12.0,Short Term,10999.02,False
B1848,P1612,SJ231,2025-05-19 11:37:36.952,CANCELLED,Cancelled,DEL - BLR,SpiceJet,85.0,Short,Night,334.0,Long Term,6682.0,False
B1849,P1545,SJ129,2025-06-24 11:37:36.952,,,CCU - BOM,SpiceJet,240.0,Medium,Night,298.0,Long Term,,True
B1850,P1595,6F110,2025-04-21 11:37:36.952,PENDING,Active,HYD - DEL,IndiGo,201.0,Medium,Night,362.0,Long Term,22212.88,False
B1851,P1920,6F231,2025-11-26 11:37:36.952,PENDING,Active,HYD - MAA,IndiGo,267.0,Long,Night,143.0,Long Term,,True
B1852,P1707,6F095,2025-08-09 11:37:36.952,CONFIRMED,Active,BLR - MAA,IndiGo,221.0,Medium,Night,252.0,Long Term,2491.83,False
B1853,P1841,UK054,2025-05-05 11:37:36.952,CONFIRMED,Active,BLR - BOM,Vistara,293.0,Long,Night,348.0,Long Term,8948.88,False
B1854,P1201,SJ123,2025-08-10 11:37:36.952,CONFIRMED,Active,BOM - CCU,SpiceJet,88.0,Short,Night,251.0,Long Term,33343.83,False
B1855,P1343,6F006,2026-01-04 11:37:36.952,PENDING,Active,BOM - BLR,IndiGo,120.0,Short,Night,104.0,Long Term,21909.6,False
B1856,P1852,UK226,2025-05-04 11:37:36.952,PENDING,Active,MAA - HYD,Vistara,63.0,Short,Night,349.0,Long Term,25660.08,False
B1857,P1522,AI065,2026-03-07 11:37:36.952,PENDING,Active,MAA - BLR,Air India,291.0,Long,Night,42.0,Medium Term,17650.920000000002,False
B1858,P1858,6F008,2025-11-25 11:37:36.952,,,DEL - BOM,IndiGo,285.0,Long,Night,144.0,Long Term,,True
B1859,P1399,AI195,2025-11-11 11:37:36.952,PENDING,Active,CCU - MAA,Air India,119.0,Short,Night,158.0,Long Term,,True
B1860,P1217,UK043,2025-08-01 11:37:36.952,,,DEL - HYD,Vistara,244.0,Long,Night,260.0,Long Term,9531.5,False
B1861,P1444,AI125,2025-10-15 11:37:36.952,CONFIRMED,Active,CCU - DEL,Air India,219.0,Medium,Night,185.0,Long Term,9044.04,False
B1862,P1764,AI089,2025-10-05 11:37:36.952,PENDING,Active,CCU - BOM,Air India,42.0,Short,Night,195.0,Long Term,,True
B1863,P1221,UK019,2026-02-12 11:37:36.952,CONFIRMED,Active,BOM - HYD,Vistara,54.0,Short,Night,65.0,Medium Term,22928.67,False
B1864,P1382,UK078,2025-09-27 11:37:36.952,CANCELLED,Cancelled,BOM - HYD,Vistara,209.0,Medium,Night,203.0,Long Term,10081.04,False
B1865,P1880,SJ009,2025-07-28 11:37:36.952,CANCELLED,Cancelled,CCU - BLR,SpiceJet,95.0,Short,Night,264.0,Long Term,11740.51,False
B1866,P1591,UK178,2026-01-28 11:37:36.952,CONFIRMED,Active,DEL - BLR,Vistara,268.0,Long,Evening,79.0,Medium Term,4987.99,False
B1867,P1006,UK018,2025-11-23 11:37:36.952,CONFIRMED,Active,BOM - CCU,Vistara,113.0,Short,Night,146.0,Long Term,8158.17,False
B1868,P1271,SJ059,2026-04-10 11:37:36.952,CANCELLED,Cancelled,CCU - DEL,SpiceJet,76.0,Short,Night,8.0,Short Term,,True
B1869,P1738,UK108,2026-02-04 11:37:36.952,CONFIRMED,Active,DEL - BLR,Vistara,198.0,Medium,Night,73.0,Medium Term,21553.27,False
B1870,P1015,6F045,2025-04-25 11:37:36.952,CANCELLED,Cancelled,BOM - HYD,IndiGo,274.0,Long,Evening,357.0,Long Term,,True
B1871,P1423,AI144,2025-10-04 11:37:36.952,CANCELLED,Cancelled,MAA - BOM,Air India,173.0,Medium,Night,196.0,Long Term,,True
B1872,P1523,AI244,2025-07-09 11:37:36.952,PENDING,Active,BLR - BOM,Air India,35.0,Short,Night,283.0,Long Term,14817.12,False
B1873,P1802,6F265,2025-04-25 11:37:36.952,CONFIRMED,Active,DEL - HYD,IndiGo,57.0,Short,Night,358.0,Long Term,32289.57,False
B1874,P1752,6F108,2026-01-26 11:37:36.952,CONFIRMED,Active,DEL - HYD,IndiGo,222.0,Medium,Evening,81.0,Medium Term,24444.489999999998,False
B1875,P1020,6F069,2025-06-17 11:37:36.952,PENDING,Active,MAA - BLR,IndiGo,213.0,Medium,Evening,304.0,Long Term,,True
B1876,P1689,6F072,2025-06-14 11:37:36.952,CANCELLED,Cancelled,BLR - CCU,IndiGo,57.0,Short,Night,308.0,Long Term,11290.32,False
B1877,P1938,6F096,2025-11-09 11:37:36.952,CONFIRMED,Active,MAA - BLR,IndiGo,253.0,Long,Evening,159.0,Long Term,,True
B1878,P1227,SJ233,2025-12-31 11:37:36.952,PENDING,Active,DEL - HYD,SpiceJet,98.0,Short,Night,108.0,Long Term,14778.71,False
B1879,P1784,AI203,2025-12-03 11:37:36.952,PENDING,Active,BOM - CCU,Air India,167.0,Medium,Night,136.0,Long Term,4682.98,False
B1880,P1287,UK147,2026-03-08 11:37:36.952,CONFIRMED,Active,CCU - DEL,Vistara,200.0,Medium,Evening,40.0,Medium Term,11737.0,False
B1881,P1808,UK039,2025-08-26 11:37:36.952,PENDING,Active,HYD - BOM,Vistara,73.0,Short,Night,235.0,Long Term,,True
B1882,P1133,6F216,2025-10-17 11:37:36.952,CANCELLED,Cancelled,BLR - DEL,IndiGo,293.0,Long,Evening,182.0,Long Term,,True
B1883,P1983,AI214,2025-11-17 11:37:36.952,PENDING,Active,CCU - DEL,Air India,266.0,Long,Evening,151.0,Long Term,7691.33,False
B1884,P1282,UK025,2025-08-31 11:37:36.952,CANCELLED,Cancelled,DEL - BOM,Vistara,232.0,Medium,Evening,229.0,Long Term,,True
B1885,P1403,UK053,2025-08-10 11:37:36.952,CANCELLED,Cancelled,BLR - BOM,Vistara,170.0,Medium,Evening,250.0,Long Term,9992.33,False
B1886,P1664,6F130,2026-02-12 11:37:36.952,,,DEL - HYD,IndiGo,78.0,Short,Night,65.0,Medium Term,,True
B1887,P1065,6F247,2026-03-09 11:37:36.952,PENDING,Active,DEL - HYD,IndiGo,78.0,Short,Night,40.0,Medium Term,9312.51,False
B1888,P1648,6F159,2025-12-25 11:37:36.952,CANCELLED,Cancelled,CCU - BOM,IndiGo,35.0,Short,Night,114.0,Long Term,14913.74,False
B1889,P1603,UK086,2026-02-24 11:37:36.952,CANCELLED,Cancelled,CCU - BLR,Vistara,152.0,Medium,Evening,52.0,Medium Term,,True
B1890,P1436,6F102,2025-08-30 11:37:36.952,PENDING,Active,HYD - MAA,IndiGo,74.0,Short,Night,231.0,Long Term,13732.45,False
B1891,P1828,UK186,2026-01-26 11:37:36.952,CANCELLED,Cancelled,BOM - BLR,Vistara,197.0,Medium,Evening,81.0,Medium Term,4194.57,False
B1892,P1933,6F032,2025-08-24 11:37:36.952,PENDING,Active,DEL - BOM,IndiGo,159.0,Medium,Evening,236.0,Long Term,,True
B1893,P1258,6F186,2025-08-02 11:37:36.952,CONFIRMED,Active,HYD - BOM,IndiGo,254.0,Long,Evening,258.0,Long Term,,True
B1894,P1979,6F106,2026-02-24 11:37:36.952,CANCELLED,Cancelled,BOM - CCU,IndiGo,102.0,Short,Night,53.0,Medium Term,,True
B1895,P1965,AI021,2025-10-05 11:37:36.952,CANCELLED,Cancelled,DEL - HYD,Air India,239.0,Medium,Evening,194.0,Long Term,54031.62,False
B1896,P1102,AI157,2025-11-30 11:37:36.952,PENDING,Active,BLR - CCU,Air India,168.0,Medium,Evening,138.0,Long Term,,True
B1897,P1992,6F054,2025-11-01 11:37:36.952,PENDING,Active,HYD - BLR,IndiGo,205.0,Medium,Evening,167.0,Long Term,16995.309999999998,False
B1898,P1566,AI187,2025-10-03 11:37:36.952,PENDING,Active,BLR - HYD,Air India,104.0,Short,Evening,196.0,Long Term,5718.04,False
B1899,P1768,SJ124,2025-09-28 11:37:36.952,PENDING,Active,HYD - DEL,SpiceJet,247.0,Long,Evening,201.0,Long Term,3146.15,False
B1900,P1100,SJ223,2025-10-06 11:37:36.952,CANCELLED,Cancelled,HYD - MAA,SpiceJet,74.0,Short,Evening,193.0,Long Term,1212.98,False
B1901,P1197,UK103,2025-04-25 11:37:36.952,CONFIRMED,Active,MAA - DEL,Vistara,194.0,Medium,Evening,357.0,Long Term,10787.49,False
B1902,P1812,SJ157,2026-02-08 11:37:36.952,CONFIRMED,Active,DEL - HYD,SpiceJet,174.0,Medium,Evening,68.0,Medium Term,,True
B1903,P1225,6F242,2025-11-06 11:37:36.952,CONFIRMED,Active,BLR - MAA,IndiGo,234.0,Medium,Evening,162.0,Long Term,,True
B1904,P1942,UK213,2025-07-01 11:37:36.952,CONFIRMED,Active,BOM - CCU,Vistara,100.0,Short,Evening,290.0,Long Term,5769.34,False
B1905,P1462,SJ120,2026-02-13 11:37:36.952,PENDING,Active,MAA - BLR,SpiceJet,217.0,Medium,Evening,63.0,Medium Term,,True
B1906,P1236,AI035,2025-08-11 11:37:36.952,CANCELLED,Cancelled,DEL - MAA,Air India,91.0,Short,Evening,249.0,Long Term,11037.65,False
B1907,P1025,6F147,2026-01-14 11:37:36.952,CANCELLED,Cancelled,HYD - MAA,IndiGo,274.0,Long,Evening,93.0,Long Term,5451.44,False
B1908,P1120,SJ229,2025-08-09 11:37:36.952,CANCELLED,Cancelled,CCU - DEL,SpiceJet,122.0,Medium,Evening,251.0,Long Term,10746.849999999999,False
B1909,P1909,AI230,2025-11-14 11:37:36.952,PENDING,Active,CCU - BLR,Air India,225.0,Medium,Evening,154.0,Long Term,,True
B1910,P1505,UK162,2025-06-10 11:37:36.952,CANCELLED,Cancelled,BOM - CCU,Vistara,94.0,Short,Evening,311.0,Long Term,21554.05,False
B1911,P1181,AI066,2025-05-29 11:37:36.952,PENDING,Active,HYD - MAA,Air India,140.0,Medium,Evening,323.0,Long Term,,True
B1912,P1710,6F205,2025-09-09 11:37:36.952,CANCELLED,Cancelled,HYD - BOM,IndiGo,106.0,Short,Evening,220.0,Long Term,6279.57,False
B1913,P1813,AI124,2025-05-24 11:37:36.952,CONFIRMED,Active,CCU - HYD,Air India,212.0,Medium,Evening,328.0,Long Term,15295.38,False
B1914,P1766,UK114,2025-10-19 11:37:36.952,PENDING,Active,HYD - CCU,Vistara,108.0,Short,Evening,180.0,Long Term,5079.38,False
B1915,P1633,AI231,2025-06-03 11:37:36.952,CANCELLED,Cancelled,DEL - HYD,Air India,119.0,Short,Evening,318.0,Long Term,1162.01,False
B1916,P1542,AI113,2025-10-30 11:37:36.952,CONFIRMED,Active,CCU - HYD,Air India,150.0,Medium,Evening,169.0,Long Term,3156.86,False
B1917,P1983,UK180,2025-08-03 11:37:36.952,,,CCU - MAA,Vistara,131.0,Medium,Evening,257.0,Long Term,,True
B1918,P1314,UK180,2025-10-07 11:37:36.952,CONFIRMED,Active,CCU - MAA,Vistara,131.0,Medium,Evening,192.0,Long Term,4095.5699999999997,False
B1919,P1990,6F080,2026-03-17 11:37:36.952,PENDING,Active,HYD - MAA,IndiGo,206.0,Medium,Evening,31.0,Medium Term,,True
B1920,P1796,SJ095,2025-05-11 11:37:36.952,PENDING,Active,DEL - MAA,SpiceJet,184.0,Medium,Evening,341.0,Long Term,,True
B1921,P1617,SJ115,2025-04-24 11:37:36.952,CANCELLED,Cancelled,BOM - HYD,SpiceJet,125.0,Medium,Evening,358.0,Long Term,9627.04,False
B1922,P1735,AI142,2025-05-14 11:37:36.952,CONFIRMED,Active,BOM - DEL,Air India,134.0,Medium,Evening,338.0,Long Term,19566.92,False
B1923,P1272,UK169,2025-11-28 11:37:36.952,CANCELLED,Cancelled,HYD - DEL,Vistara,289.0,Long,Afternoon,140.0,Long Term,8467.53,False
B1924,P1909,SJ041,2025-05-04 11:37:36.952,CANCELLED,Cancelled,CCU - HYD,SpiceJet,275.0,Long,Afternoon,348.0,Long Term,4739.01,False
B1925,P1231,UK171,2025-04-20 11:37:36.952,CONFIRMED,Active,HYD - CCU,Vistara,174.0,Medium,Evening,362.0,Long Term,29535.22,False
B1926,P1419,AI081,2025-11-27 11:37:36.952,CANCELLED,Cancelled,CCU - BOM,Air India,108.0,Short,Evening,141.0,Long Term,,True
B1927,P1767,AI162,2026-01-28 11:37:36.952,PENDING,Active,MAA - DEL,Air India,200.0,Medium,Evening,79.0,Medium Term,,True
B1928,P1441,SJ037,2026-01-23 11:37:36.952,CANCELLED,Cancelled,BLR - BOM,SpiceJet,197.0,Medium,Evening,84.0,Medium Term,6983.66,False
B1929,P1495,SJ037,2025-11-05 11:37:36.952,CONFIRMED,Active,BLR - BOM,SpiceJet,197.0,Medium,Evening,163.0,Long Term,,True
B1930,P1023,UK080,2025-12-16 11:37:36.952,PENDING,Active,BLR - MAA,Vistara,80.0,Short,Evening,122.0,Long Term,1625.9,False
B1931,P1108,SJ031,2025-09-26 11:37:36.952,PENDING,Active,DEL - BOM,SpiceJet,69.0,Short,Evening,203.0,Long Term,10011.51,False
B1932,P1702,AI199,2025-12-28 11:37:36.952,CANCELLED,Cancelled,HYD - DEL,Air India,219.0,Medium,Afternoon,110.0,Long Term,8636.39,False
B1933,P1501,6F082,2025-05-28 11:37:36.952,CANCELLED,Cancelled,BOM - BLR,IndiGo,120.0,Short,Evening,324.0,Long Term,,True
B1934,P1858,UK217,2026-04-12 11:37:36.952,PENDING,Active,MAA - CCU,Vistara,55.0,Short,Evening,5.0,Last Minute,10978.81,False
B1935,P1024,UK014,2026-04-13 11:37:36.952,CANCELLED,Cancelled,HYD - MAA,Vistara,85.0,Short,Evening,4.0,Last Minute,,True
B1936,P1186,SJ180,2026-01-11 11:37:36.952,CONFIRMED,Active,HYD - CCU,SpiceJet,288.0,Long,Afternoon,96.0,Long Term,11286.73,False
B1937,P1287,6F268,2026-02-19 11:37:36.952,CANCELLED,Cancelled,DEL - MAA,IndiGo,89.0,Short,Evening,57.0,Medium Term,6825.66,False
B1938,P1627,UK205,2026-04-07 11:37:36.952,CANCELLED,Cancelled,HYD - MAA,Vistara,169.0,Medium,Afternoon,10.0,Short Term,12242.79,False
B1939,P1337,SJ212,2025-07-22 11:37:36.952,PENDING,Active,MAA - BLR,SpiceJet,115.0,Short,Evening,269.0,Long Term,41153.630000000005,False
B1940,P1877,UK052,2025-06-25 11:37:36.952,CANCELLED,Cancelled,BLR - CCU,Vistara,52.0,Short,Evening,296.0,Long Term,18574.85,False
B1941,P1913,UK230,2025-06-13 11:37:36.952,CANCELLED,Cancelled,BLR - BOM,Vistara,93.0,Short,Evening,308.0,Long Term,1551.73,False
B1942,P1036,AI145,2025-07-18 11:37:36.952,CANCELLED,Cancelled,DEL - BOM,Air India,265.0,Long,Afternoon,273.0,Long Term,1755.58,False
B1943,P1793,SJ035,2026-03-13 11:37:36.952,CONFIRMED,Active,CCU - DEL,SpiceJet,60.0,Short,Evening,35.0,Medium Term,14420.98,False
B1944,P1136,SJ184,2025-07-20 11:37:36.952,CANCELLED,Cancelled,CCU - DEL,SpiceJet,268.0,Long,Afternoon,271.0,Long Term,12698.08,False
B1945,P1507,6F207,2025-11-03 11:37:36.952,CONFIRMED,Active,BOM - HYD,IndiGo,241.0,Long,Afternoon,165.0,Long Term,,True
B1946,P1226,UK144,2026-03-30 11:37:36.952,CONFIRMED,Active,BOM - CCU,Vistara,172.0,Medium,Afternoon,18.0,Short Term,11196.94,False
B1947,P1319,AI126,2025-10-22 11:37:36.952,CONFIRMED,Active,MAA - HYD,Air India,202.0,Medium,Afternoon,177.0,Long Term,2186.2,False
B1948,P1839,SJ145,2025-05-19 11:37:36.952,CONFIRMED,Active,BLR - HYD,SpiceJet,177.0,Medium,Afternoon,333.0,Long Term,14449.69,False
B1949,P1915,6F040,2025-05-16 11:37:36.952,PENDING,Active,HYD - CCU,IndiGo,281.0,Long,Afternoon,336.0,Long Term,14360.11,False
B1950,P1181,UK049,2025-06-15 11:37:36.952,CONFIRMED,Active,HYD - BOM,Vistara,45.0,Short,Evening,306.0,Long Term,,True
B1951,P1873,UK049,2026-03-18 11:37:36.952,CANCELLED,Cancelled,HYD - BOM,Vistara,45.0,Short,Evening,30.0,Short Term,12831.14,False
B1952,P1085,AI087,2025-10-18 11:37:36.952,CONFIRMED,Active,MAA - DEL,Air India,238.0,Medium,Afternoon,181.0,Long Term,10237.24,False
B1953,P1466,AI152,2025-05-24 11:37:36.952,CANCELLED,Cancelled,BLR - CCU,Air India,65.0,Short,Evening,328.0,Long Term,12741.76,False
B1954,P1925,SJ240,2025-11-06 11:37:36.952,CONFIRMED,Active,BOM - HYD,SpiceJet,219.0,Medium,Afternoon,162.0,Long Term,14524.79,False
B1955,P1052,AI212,2025-09-14 11:37:36.952,PENDING,Active,DEL - CCU,Air India,282.0,Long,Afternoon,215.0,Long Term,,True
B1956,P1859,AI064,2025-09-21 11:37:36.952,CONFIRMED,Active,BLR - MAA,Air India,103.0,Short,Afternoon,208.0,Long Term,,True
B1957,P1866,6F093,2025-06-07 11:37:36.952,CONFIRMED,Active,CCU - DEL,IndiGo,231.0,Medium,Afternoon,314.0,Long Term,4851.79,False
B1958,P1234,AI118,2025-04-28 11:37:36.952,PENDING,Active,HYD - MAA,Air India,129.0,Medium,Afternoon,354.0,Long Term,2727.84,False
B1959,P1958,AI172,2025-12-19 11:37:36.952,CONFIRMED,Active,BOM - CCU,Air India,45.0,Short,Evening,119.0,Long Term,17094.079999999998,False
B1960,P1778,6F183,2026-01-30 11:37:36.952,CANCELLED,Cancelled,MAA - HYD,IndiGo,164.0,Medium,Afternoon,77.0,Medium Term,14657.97,False
B1961,P1798,6F200,2025-07-15 11:37:36.952,CONFIRMED,Active,HYD - DEL,IndiGo,287.0,Long,Afternoon,276.0,Long Term,,True
B1962,P1432,SJ077,2025-12-23 11:37:36.952,CONFIRMED,Active,BLR - MAA,SpiceJet,128.0,Medium,Afternoon,115.0,Long Term,30993.239999999998,False
B1963,P1495,UK030,2026-02-24 11:37:36.952,CONFIRMED,Active,CCU - DEL,Vistara,267.0,Long,Afternoon,52.0,Medium Term,,True
B1964,P1998,SJ232,2025-05-21 11:37:36.952,PENDING,Active,MAA - BLR,SpiceJet,260.0,Long,Afternoon,331.0,Long Term,,True
B1965,P1099,6F090,2026-01-29 11:37:36.952,CONFIRMED,Active,HYD - BLR,IndiGo,252.0,Long,Afternoon,78.0,Medium Term,,True
B1966,P1989,UK002,2025-11-06 11:37:36.952,CONFIRMED,Active,CCU - MAA,Vistara,292.0,Long,Afternoon,162.0,Long Term,34300.32,False
B1967,P1598,AI154,2025-07-03 11:37:36.952,CANCELLED,Cancelled,HYD - MAA,Air India,231.0,Medium,Afternoon,288.0,Long Term,12518.31,False
B1968,P1402,6F089,2025-10-11 11:37:36.952,CONFIRMED,Active,DEL - HYD,IndiGo,124.0,Medium,Afternoon,188.0,Long Term,14600.78,False
B1969,P1395,6F218,2026-04-08 11:37:36.952,CONFIRMED,Active,BLR - BOM,IndiGo,227.0,Medium,Afternoon,9.0,Short Term,13598.0,False
B1970,P1526,6F241,2025-11-26 11:37:36.952,CONFIRMED,Active,DEL - HYD,IndiGo,35.0,Short,Afternoon,142.0,Long Term,4558.49,False
B1971,P1414,6F116,2025-08-20 11:37:36.952,CONFIRMED,Active,MAA - CCU,IndiGo,139.0,Medium,Afternoon,240.0,Long Term,,True
B1972,P1938,UK199,2025-04-18 11:37:36.952,CANCELLED,Cancelled,BOM - CCU,Vistara,211.0,Medium,Afternoon,364.0,Long Term,5458.57,False
B1973,P1612,SJ033,2025-04-28 11:37:36.952,CANCELLED,Cancelled,HYD - DEL,SpiceJet,85.0,Short,Afternoon,354.0,Long Term,,True
B1974,P1676,AI210,2025-08-03 11:37:36.952,PENDING,Active,BLR - BOM,Air India,157.0,Medium,Afternoon,257.0,Long Term,,True
B1975,P1462,UK148,2025-08-26 11:37:36.952,,,HYD - BOM,Vistara,132.0,Medium,Afternoon,234.0,Long Term,7791.01,False
B1976,P1540,AI229,2025-08-27 11:37:36.952,PENDING,Active,HYD - MAA,Air India,112.0,Short,Afternoon,233.0,Long Term,8576.26,False
B1977,P1625,UK005,2026-01-01 11:37:36.952,PENDING,Active,BOM - MAA,Vistara,252.0,Long,Afternoon,106.0,Long Term,,True
B1978,P1618,SJ080,2025-12-07 11:37:36.952,CONFIRMED,Active,CCU - MAA,SpiceJet,115.0,Short,Afternoon,131.0,Long Term,9450.85,False
B1979,P1921,SJ092,2025-12-02 11:37:36.952,CANCELLED,Cancelled,BLR - MAA,SpiceJet,277.0,Long,Afternoon,136.0,Long Term,,True
B1980,P1363,SJ055,2025-12-04 11:37:36.952,CANCELLED,Cancelled,HYD - MAA,SpiceJet,219.0,Medium,Afternoon,134.0,Long Term,12102.14,False
B1981,P1129,AI239,2025-05-17 11:37:36.952,CONFIRMED,Active,BOM - HYD,Air India,194.0,Medium,Afternoon,335.0,Long Term,12166.27,False
B1982,P1083,6F162,2025-06-17 11:37:36.952,,,CCU - BOM,IndiGo,174.0,Medium,Afternoon,304.0,Long Term,,True
B1983,P1270,UK101,2025-06-28 11:37:36.952,,,DEL - HYD,Vistara,163.0,Medium,Afternoon,293.0,Long Term,9117.5,False
B1984,P1243,6F198,2025-04-25 11:37:36.952,CONFIRMED,Active,HYD - BLR,IndiGo,299.0,Long,Morning,357.0,Long Term,19611.190000000002,False
B1985,P1387,6F239,2025-09-28 11:37:36.952,CONFIRMED,Active,CCU - BOM,IndiGo,133.0,Medium,Afternoon,201.0,Long Term,,True
B1986,P1213,SJ177,2025-10-07 11:37:36.952,CONFIRMED,Active,BOM - CCU,SpiceJet,273.0,Long,Afternoon,192.0,Long Term,,True
B1987,P1817,6F044,2026-03-12 11:37:36.952,CANCELLED,Cancelled,DEL - HYD,IndiGo,251.0,Long,Afternoon,36.0,Medium Term,8733.92,False
B1988,P1165,6F248,2026-02-17 11:37:36.952,PENDING,Active,DEL - HYD,IndiGo,251.0,Long,Afternoon,59.0,Medium Term,13945.28,False
B1989,P1790,6F002,2025-12-10 11:37:36.952,,,BLR - MAA,IndiGo,203.0,Medium,Afternoon,128.0,Long Term,,True
B1990,P1058,SJ197,2026-03-31 11:37:36.952,CONFIRMED,Active,HYD - BLR,SpiceJet,164.0,Medium,Afternoon,17.0,Short Term,14394.7,False
B1991,P1601,UK091,2026-01-14 11:37:36.952,CANCELLED,Cancelled,CCU - BOM,Vistara,234.0,Medium,Afternoon,93.0,Long Term,,True
B1992,P1882,6F215,2025-04-25 11:37:36.952,CONFIRMED,Active,DEL - BLR,IndiGo,270.0,Long,Afternoon,357.0,Long Term,14003.060000000001,False
B1993,P1842,AI093,2026-03-11 11:37:36.952,CANCELLED,Cancelled,BOM - BLR,Air India,293.0,Long,Morning,37.0,Medium Term,,True
B1994,P1923,UK090,2026-03-31 11:37:36.952,CONFIRMED,Active,HYD - MAA,Vistara,160.0,Medium,Afternoon,17.0,Short Term,,True
B1995,P1503,SJ005,2025-11-20 11:37:36.952,CANCELLED,Cancelled,DEL - MAA,SpiceJet,81.0,Short,Afternoon,148.0,Long Term,,True
B1996,P1705,UK106,2025-08-08 11:37:36.952,CANCELLED,Cancelled,BOM - CCU,Vistara,131.0,Medium,Afternoon,252.0,Long Term,10358.84,False
B1997,P1122,6F223,2025-05-03 11:37:36.952,PENDING,Active,MAA - BLR,IndiGo,34.0,Short,Afternoon,349.0,Long Term,,True
B1998,P1647,6F011,2025-10-23 11:37:36.952,CONFIRMED,Active,MAA - BLR,IndiGo,120.0,Short,Afternoon,176.0,Long Term,18385.6,False
B1999,P1412,UK124,2025-08-08 11:37:36.952,,,MAA - BLR,Vistara,154.0,Medium,Afternoon,252.0,Long Term,2806.06,False
